seq0, sp|P00547|KHSE_ECOLI
seq1, sp|P00934|THRC_ECOLI
seq2, sp|P75616|YAAX_ECOLI
seq3, sp|P0A8I4|YAAA_SHIFL
seq4, sp|P0A872|TALB_SHIFL
seq5, sp|P0AF05|MOG_SHIFL
seq6, sp|P75617|YAAW_ECOLI
seq7, sp|P28697|MBIA_ECOLI
seq8, sp|P28696|YAAI_ECOLI
seq9, sp|Q3Z601|DNAK_SHISS
seq10, sp|P08622|DNAJ_ECOLI
seq11, sp|P33236|MOKC_ECOLI
seq12, sp|P0A9G3|NHAR_SHIFL
seq13, sp|Q3Z5Y7|RS20_SHISS
seq14, sp|P0AG43|RIBF_SHIFL
seq15, sp|Q3Z5Y3|LSPA_SHISS
seq16, sp|P0AEM3|FKBX_SHIFL
seq17, sp|Q3Z5Y1|ISPH_SHISS
seq18, sp|P22564|RIHC_ECOLI
seq19, sp|B7N7Q5|DAPB_ECOLU
seq20, sp|P0A6F1|CARA_ECOLI
seq21, sp|P0AE59|CAIF_SHIFL
seq22, sp|P39206|CAIE_ECOLI
seq23, sp|P31551|CAID_ECOLI
seq24, sp|P31572|CAIB_ECOLI
seq25, sp|Q3Z5W9|CAIA_SHISS
seq26, sp|P60566|FIXA_ECOLI
seq27, sp|Q3Z5W6|FIXB_SHISS
seq28, sp|P68644|FIXC_ECOLI
seq29, sp|P68646|FIXX_ECOLI
seq30, sp|B1LFY0|KEFF_ECOSM
seq31, sp|P0ABQ6|DYR_SHIFL
seq32, sp|Q3Z5W0|APAH_SHISS
seq33, sp|Q3Z5V9|APAG_SHISS
seq34, sp|P19624|PDXA_ECOLI
seq35, sp|Q3Z5V6|SURA_SHISS
seq36, sp|P31680|DJLA_ECOLI
seq37, sp|P39220|YABP_ECOLI
seq38, sp|P0AA38|RLUA_SHIFL
seq39, sp|Q1RGE0|RAPA_ECOUT
seq40, sp|P08203|ARAD_ECOLI
seq41, sp|P08202|ARAA_ECOLI
seq42, sp|P08204|ARAB_ECOLI
seq43, sp|P0A9E0|ARAC_ECOLI
seq44, sp|P30149|YABI_ECOLI
seq45, sp|P31548|THIQ_ECOLI
seq46, sp|P31549|THIP_ECOLI
seq47, sp|P31550|THIB_ECOLI
seq48, sp|P33595|SGRR_ECOLI
seq49, sp|Q3Z5T9|LEUD_SHISS
seq50, sp|B2U279|LEUC_SHIB3
seq51, sp|P30125|LEU3_ECOLI
seq52, sp|P09151|LEU1_ECOLI
seq53, sp|P10151|LEUO_ECOLI
seq54, sp|P00893|ILVI_ECOLI
seq55, sp|P00894|ILVH_ECOLI
seq56, sp|P22186|MRAZ_ECOLI
seq57, sp|Q326F3|RSMH_SHIBS
seq58, sp|P0AEN7|FTSL_SHIFL
seq59, sp|P0AD68|FTSI_ECOLI
seq60, sp|P22188|MURE_ECOLI
seq61, sp|P11880|MURF_ECOLI
seq62, sp|P14900|MURD_ECOLI
seq63, sp|P17443|MURG_ECOLI
seq64, sp|P17952|MURC_ECOLI
seq65, sp|P07862|DDLB_ECOLI
seq66, sp|P06136|FTSQ_ECOLI
seq67, sp|P0ABH0|FTSA_ECOLI
seq68, sp|P0A9A6|FTSZ_ECOLI
seq69, sp|Q3Z5R3|LPXC_SHISS
seq70, sp|Q3Z5R1|SECA_SHISS
seq71, sp|P08337|MUTT_ECOLI
seq72, sp|Q3Z5Q8|YACG_SHISS
seq73, sp|Q3Z5Q7|ZAPD_SHISS
seq74, sp|Q3Z5Q6|COAE_SHISS
seq75, sp|P36645|HOFB_ECOLI
seq76, sp|P36647|PPDD_ECOLI
seq77, sp|P13016|AMPD_ECOLI
seq78, sp|P0AE15|AMPE_SHIFL
seq79, sp|P0ACL9|PDHR_ECOLI
seq80, sp|P0AFG8|ODP1_ECOLI
seq81, sp|P06959|ODP2_ECOLI
seq82, sp|P0A9P3|DLDH_SHIFL
seq83, sp|P36682|YACH_ECOLI
seq84, sp|P36683|ACNB_ECOLI
seq85, sp|Q3Z5P1|YACL_SHISS
seq86, sp|Q3Z5P0|SPED_SHISS
seq87, sp|B1LGS2|SPEE_ECOSM
seq88, sp|P0AA95|YACC_ECOLI
seq89, sp|P36649|CUEO_ECOLI
seq90, sp|P15877|DHG_ECOLI
seq91, sp|P61518|CAN_SHIFL
seq92, sp|P36879|YADG_ECOLI
seq93, sp|P0AFN9|YADH_SHIFL
seq94, sp|P36881|YADI_ECOLI
seq95, sp|P31666|YADE_ECOLI
seq96, sp|Q3Z5M9|PAND_SHISS
seq97, sp|P31665|RPNC_ECOLI
seq98, sp|B6HZA8|PANC_ECOSE
seq99, sp|P31057|PANB_ECOLI
seq100, sp|P31058|YADC_ECOLI
seq101, sp|P37016|YADK_ECOLI
seq102, sp|P37017|YADL_ECOLI
seq103, sp|P37018|YADM_ECOLI
seq104, sp|P33129|HTRE_ECOLI
seq105, sp|P37050|YADN_ECOLI
seq106, sp|P26281|HPPK_ECOLI
seq107, sp|P0ABF1|PCNB_ECOLI
seq108, sp|P0ABS4|DKSA_SHIFL
seq109, sp|B6HZC1|SFSA_ECOSE
seq110, sp|P37025|THPR_ECOLI
seq111, sp|P37024|HRPB_ECOLI
seq112, sp|P06971|FHUA_ECOLI
seq113, sp|P07821|FHUC_ECOLI
seq114, sp|P23893|GSA_ECOLI
seq115, sp|Q3Z5K2|CLCA_SHISS
seq116, sp|Q3Z5K1|ERPA_SHISS
seq117, sp|Q3Z5J8|MTNN_SHISS
seq118, sp|P15723|DGTP_ECOLI
seq119, sp|P0C0V0|DEGP_ECOLI
seq120, sp|P37047|CDAR_ECOLI
seq121, sp|Q3Z5J4|YAEH_SHISS
seq122, sp|P37049|YAEI_ECOLI
seq123, sp|Q3Z5J2|DAPD_SHISS
seq124, sp|P0AE21|MAP1_SHIFL
seq125, sp|Q32JU0|RS2_SHIDS
seq126, sp|Q3Z5I8|EFTS_SHISS
seq127, sp|Q3Z5I7|PYRH_SHISS
seq128, sp|Q3Z5I6|RRF_SHISS
seq129, sp|P60475|UPPS_SHIFL
seq130, sp|P0AEH1|RSEP_ECOLI
seq131, sp|Q3Z5I1|BAMA_SHISS
seq132, sp|Q3Z5I0|SKP_SHISS
seq133, sp|Q32JT0|LPXD_SHIDS
seq134, sp|Q3Z5H8|FABZ_SHISS
seq135, sp|Q3Z5H7|LPXA_SHISS
seq136, sp|Q3Z5H6|LPXB_SHISS
seq137, sp|Q3Z5H5|RNH2_SHISS
seq138, sp|P10443|DPO3A_ECOLI
seq139, sp|P0ABD7|ACCA_SHIFL
seq140, sp|P52095|LDCC_ECOLI
seq141, sp|P52096|YAER_ECOLI
seq142, sp|P52097|TILS_ECOLI
seq143, sp|P0AFW9|ROF_SHIFL
seq144, sp|Q3Z5G7|YAEP_SHISS
seq145, sp|P0AA98|YAEQ_SHIFL
seq146, sp|P40711|ARFB_ECOLI
seq147, sp|P40710|NLPE_ECOLI
seq148, sp|P37056|YAEF_ECOLI
seq149, sp|P16659|SYP_ECOLI
seq150, sp|P28634|TRMO_ECOLI
seq151, sp|P69411|RCSF_ECOLI
seq152, sp|P28635|METQ_ECOLI
seq153, sp|Q3Z5F8|METN_SHISS
seq154, sp|P63230|GMHBB_SHIFL
seq155, sp|P30863|DKGB_ECOLI
seq156, sp|P30864|YAFC_ECOLI
seq157, sp|Q3Z5F4|YAFD_SHISS
seq158, sp|P0AEZ7|MLTD_ECOLI
seq159, sp|P0AC84|GLO2_ECOLI
seq160, sp|Q3Z5E9|RNH_SHISS
seq161, sp|P03007|DPO3E_ECOLI
seq162, sp|P77339|YAFT_ECOLI
seq163, sp|P77354|YAFU_ECOLI
seq164, sp|Q47679|YAFV_ECOLI
seq165, sp|P0AD59|IVY_ECOLI
seq166, sp|Q3Z5B4|GMHA_SHISS
seq167, sp|Q47147|YAFJ_ECOLI
seq168, sp|P0AA99|YAFK_ECOLI
seq169, sp|Q47149|YAFQ_ECOLI
seq170, sp|Q47150|DINJ_ECOLI
seq171, sp|Q47151|YAFL_ECOLI
seq172, sp|Q47152|RAYT_ECOLI
seq173, sp|Q47153|LFHA_ECOLI
seq174, sp|D3GSC3|LAFU_ECO44
seq175, sp|Q3Z5A4|DPO4_SHISS
seq176, sp|Q47156|YAFN_ECOLI
seq177, sp|Q47157|YAFO_ECOLI
seq178, sp|Q47158|YAFP_ECOLI
seq179, sp|P75675|YKFJ_ECOLI
seq180, sp|P15288|PEPD_ECOLI
seq181, sp|P04335|FRSA_ECOLI
seq182, sp|P24251|CRL_ECOLI
seq183, sp|P02932|PHOE_ECOLI
seq184, sp|Q3Z595|PROB_SHISS
seq185, sp|Q3Z594|PROA_SHISS
seq186, sp|P77692|YKFI_ECOLI
seq187, sp|Q47684|YAFW_ECOLI
seq188, sp|Q47685|YKFG_ECOLI
seq189, sp|P75676|YAFX_ECOLI
seq190, sp|P75677|YKFF_ECOLI
seq191, sp|P77162|YKFB_ECOLI
seq192, sp|P77365|YAFY_ECOLI
seq193, sp|P77206|YAFZ_ECOLI
seq194, sp|P75678|YKFA_ECOLI
seq195, sp|Q57083|PERR_ECOLI
seq196, sp|P75680|INSO1_ECOLI
seq197, sp|Q47688|YKFC_ECOLI
seq198, sp|Q47690|MMUM_ECOLI
seq199, sp|P37009|FBPC_ECOLI
seq200, sp|P75681|AFUB_ECOLI
seq201, sp|Q79E92|YKGN_ECOLI
seq202, sp|P37008|YAGB_ECOLI
seq203, sp|P37007|YAGA_ECOLI
seq204, sp|P75682|YAGE_ECOLI
seq205, sp|P06960|OTC2_ECOLI
seq206, sp|P77657|YAGK_ECOLI
seq207, sp|P77607|YAGL_ECOLI
seq208, sp|P71296|YAGM_ECOLI
seq209, sp|P75684|YAGP_ECOLI
seq210, sp|P77183|PAOD_ECOLI
seq211, sp|P77489|PAOC_ECOLI
seq212, sp|P77324|PAOB_ECOLI
seq213, sp|P77165|PAOA_ECOLI
seq214, sp|P0AAA1|YAGU_ECOLI
seq215, sp|P0AAL9|YKGJ_ECOLI
seq216, sp|P77263|ECPE_ECOLI
seq217, sp|P77694|ECPD_ECOLI
seq218, sp|Q325R3|ECPB_SHIBS
seq219, sp|P0AAA3|ECPA_ECOLI
seq220, sp|B7NK71|RL36_ECO7I
seq221, sp|Q325R6|RL31B_SHIBS
seq222, sp|P36943|EAEH_ECOLI
seq223, sp|P77601|YKGA_ECOLI
seq224, sp|P77212|RCLA_ECOLI
seq225, sp|P77379|RCLR_ECOLI
seq226, sp|P77252|YKGE_ECOLI
seq227, sp|P77433|YKGG_ECOLI
seq228, sp|P77180|YKGH_ECOLI
seq229, sp|P17444|BETA_ECOLI
seq230, sp|P17445|BETB_ECOLI
seq231, sp|P17446|BETI_ECOLI
seq232, sp|P21514|PDEL_ECOLI
seq233, sp|P77700|YAHB_ECOLI
seq234, sp|P77736|YAHD_ECOLI
seq235, sp|P77297|YAHE_ECOLI
seq236, sp|P77221|YAHG_ECOLI
seq237, sp|P77624|ARCM_ECOLI
seq238, sp|P77554|YAHJ_ECOLI
seq239, sp|P75691|YAHK_ECOLI
seq240, sp|P75692|YAHM_ECOLI
seq241, sp|P75693|YAHN_ECOLI
seq242, sp|P75694|YAHO_ECOLI
seq243, sp|P77743|PRPR_ECOLI
seq244, sp|P77541|PRPB_ECOLI
seq245, sp|P31660|PRPC_ECOLI
seq246, sp|P77243|PRPD_ECOLI
seq247, sp|P77495|PRPE_ECOLI
seq248, sp|P25524|CODA_ECOLI
seq249, sp|P0ABE9|CYNT_ECOLI
seq250, sp|P00816|CYNS_ECOLI
seq251, sp|P00722|BGAL_ECOLI
seq252, sp|P03023|LACI_ECOLI
seq253, sp|P77569|MHPR_ECOLI
seq254, sp|P77397|MHPA_ECOLI
seq255, sp|Q3Z586|MHPB_SHISS
seq256, sp|P77044|MHPC_ECOLI
seq257, sp|P77608|MHPD_ECOLI
seq258, sp|Q3Z555|ACDH_SHISS
seq259, sp|B6HZX8|HOA_ECOSE
seq260, sp|P51024|YAIL_ECOLI
seq261, sp|P51025|SFGH1_ECOLI
seq262, sp|P25437|FRMA_ECOLI
seq263, sp|Q3Z549|FRMR_SHISS
seq264, sp|Q47534|YAIO_ECOLI
seq265, sp|P75697|YAIX_ECOLI
seq266, sp|Q47536|YAIP_ECOLI
seq267, sp|P71311|YAIS_ECOLI
seq268, sp|Q3Z542|TAUB_SHISS
seq269, sp|Q47539|TAUC_ECOLI
seq270, sp|P37610|TAUD_ECOLI
seq271, sp|P0ACB3|HEM2_SHIFL
seq272, sp|A6BM57|RR11_GNEPA
seq273, sp|P77199|YAIT_ECOLI
seq274, sp|P77199|YAIT_ECOLI
seq275, sp|P0AAP5|IPRA_ECOLI
seq276, sp|P0AD70|AMPH_ECOLI
seq277, sp|P77562|YAIW_ECOLI
seq278, sp|P0AAP7|YAIY_ECOLI
seq279, sp|P0AAQ0|YAIZ_ECOLI
seq280, sp|P0A6K0|DDLA_SHIFL
seq281, sp|Q3Z529|IRAP_SHISS
seq282, sp|P00634|PPB_ECOLI
seq283, sp|P0AFM4|PSIF_ECOLI
seq284, sp|P0AAP1|DGCC_ECOLI
seq285, sp|P0A9L9|P5CR_SHIFL
seq286, sp|Q3Z523|YAII_SHISS
seq287, sp|Q3Z522|AROL_SHISS
seq288, sp|P0AE29|AROM_SHIFL
seq289, sp|Q3Z519|PPNP_SHISS
seq290, sp|P75704|YKIA_ECOLI
seq291, sp|Q32JE7|RDGC_SHIDS
seq292, sp|P23917|MAK_ECOLI
seq293, sp|P13458|SBCC_ECOLI
seq294, sp|P08400|PHOR_ECOLI
seq295, sp|P21517|MALZ_ECOLI
seq296, sp|B1LJF2|ACPH_ECOSM
seq297, sp|Q3Z504|QUEA_SHISS
seq298, sp|Q3Z503|TGT_SHISS
seq299, sp|P0AE00|YAJC_SHIFL
seq300, sp|P0AG92|SECD_SHIFL
seq301, sp|P0AAQ5|YAJD_SHIFL
seq302, sp|P0A929|TSX_SHIFL
seq303, sp|P46122|YAJI_ECOLI
seq304, sp|Q3Z4Z6|NRDR_SHISS
seq305, sp|P25539|RIBD_ECOLI
seq306, sp|Q3Z4Z3|NUSB_SHISS
seq307, sp|P0AGG0|THIL_ECOLI
seq308, sp|P18200|PGPA_ECOLI
seq309, sp|P77735|YAJO_ECOLI
seq310, sp|Q325I1|DXS_SHIBS
seq311, sp|P22939|ISPA_ECOLI
seq312, sp|Q46948|YAJL_ECOLI
seq313, sp|P0A9J5|PANE_SHIFL
seq314, sp|Q3Z4Y3|YAJQ_SHISS
seq315, sp|P0ABJ1|CYOA_ECOLI
seq316, sp|P0ABE4|BOLA_SHIFL
seq317, sp|Q3Z4W7|TIG_SHISS
seq318, sp|Q3Z4W5|CLPX_SHISS
seq319, sp|P0A9M0|LON_ECOLI
seq320, sp|P0ADY1|PPID_ECOLI
seq321, sp|P77756|QUEC_ECOLI
seq322, sp|P46890|YBAE_ECOLI
seq323, sp|P46891|COF_ECOLI
seq324, sp|P0ACJ5|DECR_ECOLI
seq325, sp|P77265|MDLA_ECOLI
seq326, sp|P0AAG5|MDLB_ECOLI
seq327, sp|P0AC58|GLNK_SHIFL
seq328, sp|P0AGG2|TESB_ECOLI
seq329, sp|P0AFP3|ATL_SHIFL
seq330, sp|P0AAQ9|YBAA_SHIFL
seq331, sp|P77473|PDEB_ECOLI
seq332, sp|P0AAS2|YLAC_SHIFL
seq333, sp|P77791|MAA_ECOLI
seq334, sp|P0ACE6|HHA_SHIFL
seq335, sp|P0AAR0|TOMB_ECOLI
seq336, sp|P0AE06|ACRA_ECOLI
seq337, sp|P0ACT1|ACRR_SHIFL
seq338, sp|P23862|PRIC_ECOLI
seq339, sp|P0AAR7|YBAN_SHIFL
seq340, sp|Q3Z4T0|APT_SHISS
seq341, sp|Q3Z4S8|YBAB_SHISS
seq342, sp|Q3Z4S7|RECR_SHISS
seq343, sp|Q3Z4S6|HTPG_SHISS
seq344, sp|Q0T7B1|KAD_SHIF8
seq345, sp|P23871|HEMH_ECOLI
seq346, sp|B1LJN4|AES_ECOSM
seq347, sp|P0AEW6|INGK_ECOLI
seq348, sp|P39830|YBAL_ECOLI
seq349, sp|P07024|USHA_ECOLI
seq350, sp|P0AAR4|YBAK_SHIFL
seq351, sp|P77301|YBAP_ECOLI
seq352, sp|P0A9T6|YBAQ_ECOLI
seq353, sp|Q59385|COPA_ECOLI
seq354, sp|P77454|GLSA1_ECOLI
seq355, sp|P0A9G5|CUER_SHIFL
seq356, sp|P0AAS4|YBBJ_SHIFL
seq357, sp|P0AA56|QMCA_SHIFL
seq358, sp|P77279|FETA_ECOLI
seq359, sp|P77307|FETB_ECOLI
seq360, sp|P77395|CNOX_ECOLI
seq361, sp|P0ADA1|TESA_ECOLI
seq362, sp|P0A9U0|YBBA_SHIFL
seq363, sp|P77504|YBBP_ECOLI
seq364, sp|P33668|YBBC_ECOLI
seq365, sp|P77759|YLBH_ECOLI
seq366, sp|P33669|YBBD_ECOLI
seq367, sp|P33667|SELU_ECOLI
seq368, sp|P0ACR0|ALLS_ECOLI
seq369, sp|P77731|ALLA_ECOLI
seq370, sp|P0ACN4|ALLR_ECOLI
seq371, sp|P0AEP7|GCL_ECOLI
seq372, sp|P30147|HYI_ECOLI
seq373, sp|P77161|GLXR_ECOLI
seq374, sp|P77671|ALLB_ECOLI
seq375, sp|P77364|GLXK2_ECOLI
seq376, sp|P77425|ALLC_ECOLI
seq377, sp|P77555|ALLD_ECOLI
seq378, sp|Q47208|FDRA_ECOLI
seq379, sp|P77129|YLBE_ECOLI
seq380, sp|P77129|YLBE_ECOLI
seq381, sp|P0AAS5|YLBF_ECOLI
seq382, sp|P37306|ARCC_ECOLI
seq383, sp|P09029|PURK_ECOLI
seq384, sp|P0AG18|PURE_ECOLI
seq385, sp|P43341|LPXH_ECOLI
seq386, sp|P23869|PPIB_ECOLI
seq387, sp|P21888|SYC_ECOLI
seq388, sp|P45570|YBCI_ECOLI
seq389, sp|P24186|FOLD_ECOLI
seq390, sp|P0ABW5|SFMA_ECOLI
seq391, sp|P77249|SFMC_ECOLI
seq392, sp|P75715|SFMH_ECOLI
seq393, sp|P38052|SFMF_ECOLI
seq394, sp|P0AEL8|FIMZ_ECOLI
seq395, sp|P24218|INTD_ECOLI
seq396, sp|P75717|EXOD_ECOLI
seq397, sp|P23895|EMRE_ECOLI
seq398, sp|P77698|YBCK_ECOLI
seq399, sp|P77368|YBCL_ECOLI
seq400, sp|Q47269|YBCN_ECOLI
seq401, sp|P68661|YBCO_ECOLI
seq402, sp|Q1RCY4|RUSA_ECOUT
seq403, sp|Q47274|REQ1_ECOLI
seq404, sp|P21420|NMPC_ECOLI
seq405, sp|P0A9R2|ESSD_ECOLI
seq406, sp|P78285|LYSD_ECOLI
seq407, sp|P75719|RZPD_ECOLI
seq408, sp|P58041|RZOD_ECOLI
seq409, sp|P77330|BORD_ECOLI
seq410, sp|P31062|NOHD_ECOLI
seq411, sp|P77699|TFAD_ECOLI
seq412, sp|P77460|YBCY_ECOLI
seq413, sp|P09169|OMPT_ECOLI
seq414, sp|P10805|ENVY_ECOLI
seq415, sp|P37325|YBCH_ECOLI
seq416, sp|P31600|NFRA_ECOLI
seq417, sp|P0AFA5|NFRB_ECOLI
seq418, sp|P77485|CUSS_ECOLI
seq419, sp|P0ACZ8|CUSR_ECOLI
seq420, sp|P77211|CUSC_ECOLI
seq421, sp|P77239|CUSB_ECOLI
seq422, sp|P0AAT5|YBDG_SHIFL
seq423, sp|P38489|NFSB_ECOLI
seq424, sp|P0AAT2|YBDF_ECOLI
seq425, sp|P77213|GCS2_ECOLI
seq426, sp|P77091|HOKE_ECOLI
seq427, sp|P19925|ENTD_ECOLI
seq428, sp|P05825|FEPA_ECOLI
seq429, sp|P13039|FES_ECOLI
seq430, sp|P11454|ENTF_ECOLI
seq431, sp|P26266|FEPE_ECOLI
seq432, sp|P23878|FEPC_ECOLI
seq433, sp|P0AEL6|FEPB_ECOLI
seq434, sp|P0AEJ2|ENTC_ECOLI
seq435, sp|P10378|ENTE_ECOLI
seq436, sp|P0ADI6|ENTB_SHIFL
seq437, sp|P15047|ENTA_ECOLI
seq438, sp|Q32IX2|ENTH_SHIDS
seq439, sp|P45579|HCXA_ECOLI
seq440, sp|P77806|YBDL_ECOLI
seq441, sp|P77174|YBDM_ECOLI
seq442, sp|P77216|YBDN_ECOLI
seq443, sp|P77746|YBDO_ECOLI
seq444, sp|P77202|DSBG_ECOLI
seq445, sp|P0AE11|AHPC_SHIFL
seq446, sp|P35340|AHPF_ECOLI
seq447, sp|P39177|USPG_ECOLI
seq448, sp|P77316|YBDR_ECOLI
seq449, sp|P0AFW7|RNK_SHIFL
seq450, sp|P21338|RNI_ECOLI
seq451, sp|B6I0S2|CITG_ECOSE
seq452, sp|P75726|CILA_ECOLI
seq453, sp|P0A9I1|CITE_ECOLI
seq454, sp|Q3Z4H6|CITD_SHISS
seq455, sp|P77390|CITC_ECOLI
seq456, sp|P0AEF7|DPIA_SHIFL
seq457, sp|P0ABP5|DCUC_SHIFL
seq458, sp|P0ABP5|DCUC_SHIFL
seq459, sp|Q8FJZ8|DCUC_ECOL6
seq460, sp|Q8FJZ8|DCUC_ECOL6
seq461, sp|P37001|PAGP_ECOLI
seq462, sp|P37002|CRCB_ECOLI
seq463, sp|A0A140NCB4|YBEM_ECOBD
seq464, sp|P0A846|TATE_SHIFL
seq465, sp|Q3Z4G4|LIPA_SHISS
seq466, sp|P30979|YBEF_ECOLI
seq467, sp|Q3Z4G2|LIPB_SHISS
seq468, sp|Q3Z4G1|YBED_SHISS
seq469, sp|P0AEB2|DACA_ECOLI
seq470, sp|P0AD65|MRDA_ECOLI
seq471, sp|Q3Z4F6|RLMH_SHISS
seq472, sp|P0AAT8|IOJAP_SHIFL
seq473, sp|P52086|COBC_ECOLI
seq474, sp|Q3Z4F3|NADD_SHISS
seq475, sp|P28630|HOLA_ECOLI
seq476, sp|Q3Z4F1|LPTE_SHISS
seq477, sp|P07813|SYL_ECOLI
seq478, sp|P0AAT9|YBEL_ECOLI
seq479, sp|P77234|YBEQ_ECOLI
seq480, sp|P77627|YBER_ECOLI
seq481, sp|P77381|DJLB_ECOLI
seq482, sp|P77296|YBET_ECOLI
seq483, sp|P77427|YBEU_ECOLI
seq484, sp|P77319|HSCC_ECOLI
seq485, sp|P41409|RIHA_ECOLI
seq486, sp|P0AAG3|GLTL_ECOLI
seq487, sp|P37902|GLTI_ECOLI
seq488, sp|P23930|LNT_ECOLI
seq489, sp|P0AE81|CORC_SHIFL
seq490, sp|Q3Z4D3|YBEY_SHISS
seq491, sp|P0A9K6|PHOL_SHIFL
seq492, sp|Q32IR1|MIAB_SHIDS
seq493, sp|P75728|UBIF_ECOLI
seq494, sp|P0AF24|NAGD_ECOLI
seq495, sp|P0AF23|NAGC_SHIFL
seq496, sp|P0AF18|NAGA_ECOLI
seq497, sp|Q3Z4C2|NAGB_SHISS
seq498, sp|P09323|PTW3C_ECOLI
seq499, sp|Q3Z4C0|SYQ_SHISS
seq500, sp|P75733|CHIP_ECOLI
seq501, sp|P75734|CHIQ_ECOLI
seq502, sp|P0A9A9|FUR_ECOLI
seq503, sp|P61949|FLAV_ECOLI
seq504, sp|P0AAU9|YBFE_SHIFL
seq505, sp|P75736|YBFF_ECOLI
seq506, sp|P0AFZ0|SEQA_SHIFL
seq507, sp|P36938|PGM_ECOLI
seq508, sp|P75737|YBFP_ECOLI
seq509, sp|P37003|YBFG_ECOLI
seq510, sp|P24169|DCOS_ECOLI
seq511, sp|P21866|KDPE_ECOLI
seq512, sp|P21865|KDPD_ECOLI
seq513, sp|P03961|KDPC_ECOLI
seq514, sp|P03960|KDPB_ECOLI
seq515, sp|P03959|KDPA_ECOLI
seq516, sp|P36937|KDPF_ECOLI
seq517, sp|P0AAU4|YBFA_SHIFL
seq518, sp|P0AAU5|YBFB_ECOLI
seq519, sp|P77779|YBFO_ECOLI
seq520, sp|P28915|YBFC_ECOLI
seq521, sp|Q2EEQ8|YBFQ_ECOLI
seq522, sp|P75741|YBFL_ECOLI
seq523, sp|P28916|YBFD_ECOLI
seq524, sp|P24252|YBGA_ECOLI
seq525, sp|P00914|PHR_ECOLI
seq526, sp|P0AFP6|GCH1L_ECOLI
seq527, sp|P0AAV4|PXPB_ECOLI
seq528, sp|P75745|PXPC_ECOLI
seq529, sp|P75746|PXPA_ECOLI
seq530, sp|P50465|END8_ECOLI
seq531, sp|P75748|YBGO_ECOLI
seq532, sp|P75749|YBGP_ECOLI
seq533, sp|P75750|YBGQ_ECOLI
seq534, sp|P0ABH7|CISY_ECOLI
seq535, sp|P69054|DHSC_ECOLI
seq536, sp|P0AC46|DHSD_SHIFL
seq537, sp|P0AC41|SDHA_ECOLI
seq538, sp|P07014|SDHB_ECOLI
seq539, sp|P0AFG3|ODO1_ECOLI
seq540, sp|P0AFG6|ODO2_ECOLI
seq541, sp|Q3Z476|SUCC_SHISS
seq542, sp|P0AGE9|SUCD_ECOLI
seq543, sp|P54745|MNGA_ECOLI
seq544, sp|P54746|MNGB_ECOLI
seq545, sp|P0AAV3|YBGE_SHIFL
seq546, sp|P0A8Z6|YBGC_SHIFL
seq547, sp|P0ABV1|TOLQ_SHIFL
seq548, sp|P0ABV9|TOLR_SHIFL
seq549, sp|P19934|TOLA_ECOLI
seq550, sp|Q3Z464|TOLB_SHISS
seq551, sp|P0A914|PAL_SHIFL
seq552, sp|P45955|CPOB_ECOLI
seq553, sp|P11458|NADA_ECOLI
seq554, sp|P0AB91|AROG_ECOLI
seq555, sp|Q3Z455|GPMA_SHISS
seq556, sp|P0A9C4|GALM_SHIFL
seq557, sp|B6I7R1|GAL1_ECOSE
seq558, sp|P09148|GAL7_ECOLI
seq559, sp|P09147|GALE_ECOLI
seq560, sp|P31060|MODF_ECOLI
seq561, sp|P0A9H0|MODE_SHIFL
seq562, sp|P0AAX2|ACRZ_SHIFL
seq563, sp|P37329|MODA_ECOLI
seq564, sp|P0AF01|MODB_ECOLI
seq565, sp|P21829|YBHA_ECOLI
seq566, sp|Q32EZ9|6PGL_SHIDS
seq567, sp|P0AAW0|YBHH_SHIFL
seq568, sp|P75764|YBHJ_ECOLI
seq569, sp|P46130|YBHC_ECOLI
seq570, sp|P12994|YBHB_ECOLI
seq571, sp|P12995|BIOA_ECOLI
seq572, sp|Q3Z409|BIOB_SHISS
seq573, sp|P12998|BIOF_ECOLI
seq574, sp|P12999|BIOC_ECOLI
seq575, sp|P13000|BIOD1_ECOLI
seq576, sp|Q3Z405|UVRB_SHISS
seq577, sp|P75767|GNGF_ECOLI
seq578, sp|P30745|MOAA_ECOLI
seq579, sp|P0AEZ9|MOAB_ECOLI
seq580, sp|P0A741|MOAC_SHIFL
seq581, sp|P30749|MOAE_ECOLI
seq582, sp|P75769|YBHM_ECOLI
seq583, sp|P0AA84|CLSB_ECOLI
seq584, sp|P0AAW4|YBHP_SHIFL
seq585, sp|P0AFQ2|YBHS_ECOLI
seq586, sp|P0A9U2|YBHF_SHIFL
seq587, sp|P75777|YBHG_ECOLI
seq588, sp|P0ACU1|CECR_SHIFL
seq589, sp|P25888|RHLE_ECOLI
seq590, sp|P30176|RIBX_ECOLI
seq591, sp|P27296|DING_ECOLI
seq592, sp|P30177|YBIB_ECOLI
seq593, sp|P30178|HCXB_ECOLI
seq594, sp|P41039|YBII_ECOLI
seq595, sp|P75779|YBIX_ECOLI
seq596, sp|P75780|FIU_ECOLI
seq597, sp|P75782|RLMF_ECOLI
seq598, sp|P75783|YBIO_ECOLI
seq599, sp|P10346|GLNQ_ECOLI
seq600, sp|P0AEQ3|GLNH_ECOLI
seq601, sp|Q3Z3X3|DPS_SHISS
seq602, sp|P0A920|OMPX_SHIFL
seq603, sp|P75785|OPGE_ECOLI
seq604, sp|P0AAX8|YBIS_ECOLI
seq605, sp|P0A9U3|YBIT_ECOLI
seq606, sp|P75791|YBIU_ECOLI
seq607, sp|P75792|SUPH_ECOLI
seq608, sp|P75793|GRE2_ECOLI
seq609, sp|P75794|PFLE_ECOLI
seq610, sp|P78055|FSAA_ECOLI
seq611, sp|P12282|MOEB_ECOLI
seq612, sp|P12281|MOEA_ECOLI
seq613, sp|P37595|IAAA_ECOLI
seq614, sp|P75797|GSIB_ECOLI
seq615, sp|Q32IB7|GSIC_SHIDS
seq616, sp|P75799|GSID_ECOLI
seq617, sp|P75800|PDEI_ECOLI
seq618, sp|P75801|DGCI_ECOLI
seq619, sp|Q323V7|RIMO_SHIBS
seq620, sp|P0AAY3|BSSR_SHIFL
seq621, sp|P75804|YLII_ECOLI
seq622, sp|P0ACA9|GSTB_SHIFL
seq623, sp|P08506|DACC_ECOLI
seq624, sp|P0ACK5|DEOR_ECOLI
seq625, sp|P75806|YBJG_ECOLI
seq626, sp|P0AAY5|YBJH_SHIFL
seq627, sp|P75809|YBJI_ECOLI
seq628, sp|P64441|YBJM_SHIFL
seq629, sp|P46119|YBJC_ECOLI
seq630, sp|P17117|NFSA_ECOLI
seq631, sp|Q3Z3T2|RIMK_SHISS
seq632, sp|P0AAY9|YBJN_SHIFL
seq633, sp|P31133|POTF_ECOLI
seq634, sp|P31134|POTG_ECOLI
seq635, sp|P0AAZ3|YBJO_SHIFL
seq636, sp|P75817|RLMC_ECOLI
seq637, sp|P30860|ARTJ_ECOLI
seq638, sp|P0AE36|ARTQ_SHIFL
seq639, sp|P30859|ARTI_ECOLI
seq640, sp|P0AAF9|ARTP_SHIFL
seq641, sp|P75818|YBJP_ECOLI
seq642, sp|Q3Z3R7|YBJQ_SHISS
seq643, sp|P75820|AMID_ECOLI
seq644, sp|P75821|YBJS_ECOLI
seq645, sp|P75822|YBJT_ECOLI
seq646, sp|P75823|LTAE_ECOLI
seq647, sp|P07003|POXB_ECOLI
seq648, sp|P75824|HCR_ECOLI
seq649, sp|P75825|HCP_ECOLI
seq650, sp|P75828|YBJD_ECOLI
seq651, sp|P75829|YBJX_ECOLI
seq652, sp|P75830|MACA_ECOLI
seq653, sp|P75831|MACB_ECOLI
seq654, sp|Q3Z3N8|CLPS_SHISS
seq655, sp|P0ABH9|CLPA_ECOLI
seq656, sp|Q3Z3N6|IF1_SHISS
seq657, sp|P0A8P2|LFTR_SHIFL
seq658, sp|P23886|CYDC_ECOLI
seq659, sp|P0A9P4|TRXB_ECOLI
seq660, sp|P0ACJ3|LRP_SHIFL
seq661, sp|P46889|FTSK_ECOLI
seq662, sp|P61319|LOLA_SHIFL
seq663, sp|P0AAZ4|RARA_ECOLI
seq664, sp|Q3Z3M7|SYS_SHISS
seq665, sp|P18775|DMSA_ECOLI
seq666, sp|P18776|DMSB_ECOLI
seq667, sp|P21367|YCAC_ECOLI
seq668, sp|P75836|YCAN_ECOLI
seq669, sp|P43340|YCAK_ECOLI
seq670, sp|P0A9N7|PFLA_SHIFL
seq671, sp|P09373|PFLB_ECOLI
seq672, sp|P75839|YCAP_ECOLI
seq673, sp|P23721|SERC_ECOLI
seq674, sp|Q3Z3L4|AROA_SHISS
seq675, sp|P43674|YCAL_ECOLI
seq676, sp|Q0SX05|KCY_SHIF8
seq677, sp|P0AG70|RS1_SHIFL
seq678, sp|Q3Z3K9|IHFB_SHISS
seq679, sp|Q32E34|MSBA_SHIDS
seq680, sp|P27300|LPXK_ECOLI
seq681, sp|P75843|YCAQ_ECOLI
seq682, sp|P04951|KDSB_ECOLI
seq683, sp|P0AB05|YCBJ_SHIFL
seq684, sp|P0AB01|ELYC_ECOLI
seq685, sp|Q3Z3J9|MUKF_SHISS
seq686, sp|P22524|MUKE_ECOLI
seq687, sp|P22525|YCBB_ECOLI
seq688, sp|P0AB09|YCBK_SHIFL
seq689, sp|A0A4P7TN82|OMPF_SHIFM
seq690, sp|Q3Z3J0|SYN_SHISS
seq691, sp|P18133|PNCB_ECOLI
seq692, sp|P04825|AMPN_ECOLI
seq693, sp|P0AAI1|SSUB_ECOLI
seq694, sp|P75851|SSUC_ECOLI
seq695, sp|P75853|SSUA_ECOLI
seq696, sp|P75855|ELFA_ECOLI
seq697, sp|P75856|ELFD_ECOLI
seq698, sp|P75857|ELFC_ECOLI
seq699, sp|P75858|ELFG_ECOLI
seq700, sp|P75859|YCBU_ECOLI
seq701, sp|P75860|YCBV_ECOLI
seq702, sp|P40876|YCBF_ECOLI
seq703, sp|Q3Z3H6|PYRD_SHISS
seq704, sp|P75862|ZAPC_ECOLI
seq705, sp|P75863|YCBX_ECOLI
seq706, sp|P75864|RLMKL_ECOLI
seq707, sp|P0AB11|PQIC_SHIFL
seq708, sp|Q3Z3G7|FABA_SHISS
seq709, sp|Q3Z3G5|MATP_SHISS
seq710, sp|P0A910|OMPA_ECOLI
seq711, sp|Q3Z3G3|SULA_SHISS
seq712, sp|P75869|SXY_ECOLI
seq713, sp|P0A733|MGSA_SHIFL
seq714, sp|Q3Z3F7|YCCT_SHISS
seq715, sp|P75874|YCCU_ECOLI
seq716, sp|P0AB65|ACYP_ECOLI
seq717, sp|Q3Z3F2|TUSE_SHISS
seq718, sp|P69739|MBHS_ECOLI
seq719, sp|P0ACD9|MBHL_SHIFL
seq720, sp|P19930|HYAD_ECOLI
seq721, sp|P19931|HYAE_ECOLI
seq722, sp|P19932|HYAF_ECOLI
seq723, sp|P07102|PPA_ECOLI
seq724, sp|P38134|ETK_ECOLI
seq725, sp|P0ACZ2|ETP_ECOLI
seq726, sp|P0A934|GFCE_SHIFL
seq727, sp|P75883|GFCC_ECOLI
seq728, sp|P75884|GFCB_ECOLI
seq729, sp|P75885|GFCA_ECOLI
seq730, sp|P0A985|CSPH_SHIFL
seq731, sp|P0AAA5|YMCE_ECOLI
seq732, sp|P52636|YCCM_ECOLI
seq733, sp|P39453|TORS_ECOLI
seq734, sp|P38683|TORT_ECOLI
seq735, sp|P38684|TORR_ECOLI
seq736, sp|P33226|TORC_ECOLI
seq737, sp|P33225|TORA_ECOLI
seq738, sp|P36662|TORD_ECOLI
seq739, sp|Q3Z3C4|CBPM_SHISS
seq740, sp|P36659|CBPA_ECOLI
seq741, sp|P36661|YCCE_ECOLI
seq742, sp|P19926|AGP_ECOLI
seq743, sp|P0A8G8|NQOR_SHIFL
seq744, sp|P56614|YMDF_ECOLI
seq745, sp|P75893|RUTF_ECOLI
seq746, sp|P75894|RUTE_ECOLI
seq747, sp|B6I985|RUTD_ECOSE
seq748, sp|Q32HQ1|RUTC_SHIDS
seq749, sp|P75897|RUTB_ECOLI
seq750, sp|P75898|RUTA_ECOLI
seq751, sp|P0ACU4|RUTR_SHIFL
seq752, sp|Q3Z397|EFEO_SHISS
seq753, sp|P31545|EFEB_ECOLI
seq754, sp|P0A9K1|PHOH_ECOLI
seq755, sp|P69432|PGAD_ECOLI
seq756, sp|P75905|PGAC_ECOLI
seq757, sp|P75906|PGAB_ECOLI
seq758, sp|P69434|PGAA_ECOLI
seq759, sp|Q7DFV4|YMDE_ECOLI
seq760, sp|Q3Z393|GHRA_SHISS
seq761, sp|P75914|YCDX_ECOLI
seq762, sp|P75915|YCDY_ECOLI
seq763, sp|P0AEA2|CSGG_ECOLI
seq764, sp|P0AEA1|CSGF_SHIFL
seq765, sp|P0AE95|CSGE_ECOLI
seq766, sp|P52106|CSGD_ECOLI
seq767, sp|P28307|CSGA_ECOLI
seq768, sp|P52107|CSGC_ECOLI
seq769, sp|P75917|YMDA_ECOLI
seq770, sp|P0A8D6|YMDB_ECOLI
seq771, sp|P75919|CLSC_ECOLI
seq772, sp|P33136|OPGG_ECOLI
seq773, sp|P62519|OPGH_SHIFL
seq774, sp|P25738|MSYB_ECOLI
seq775, sp|P0ACV0|LPXL_ECOLI
seq776, sp|Q3Z360|YCEI_SHISS
seq777, sp|P75925|C56I_ECOLI
seq778, sp|P40874|MTOX_ECOLI
seq779, sp|P0AB33|BSSS_ECOLI
seq780, sp|Q3Z354|PYRC_SHISS
seq781, sp|P0AB27|YCEB_SHIFL
seq782, sp|P0AC59|GLRX2_ECOLI
seq783, sp|P29217|YCEH_ECOLI
seq784, sp|P75931|YCEM_ECOLI
seq785, sp|P43533|FLGN_ECOLI
seq786, sp|P0AEM5|FLGM_SHIFL
seq787, sp|P75933|FLGA_ECOLI
seq788, sp|P0ABX1|FLGB_SHIFL
seq789, sp|P0ABX2|FLGC_ECOLI
seq790, sp|P75936|FLGD_ECOLI
seq791, sp|P75937|FLGE_ECOLI
seq792, sp|P75938|FLGF_ECOLI
seq793, sp|P0ABX5|FLGG_ECOLI
seq794, sp|Q3Z338|FLGH_SHISS
seq795, sp|P0A6S4|FLGI_SHIFL
seq796, sp|P75942|FLGJ_ECOLI
seq797, sp|P33235|FLGK_ECOLI
seq798, sp|P29744|FLGL_ECOLI
seq799, sp|Q83LI5|YCEQ_SHIFL
seq800, sp|P0AA40|RLUC_SHIFL
seq801, sp|Q3Z330|NTPPB_SHISS
seq802, sp|P0AB28|YCED_ECOLI
seq803, sp|P27247|PLSX_ECOLI
seq804, sp|Q3Z326|FABH_SHISS
seq805, sp|P0AAI9|FABD_ECOLI
seq806, sp|P0AEK3|FABG_SHIFL
seq807, sp|P0AAI8|FABF_SHIFL
seq808, sp|P28305|PABC_ECOLI
seq809, sp|P28306|MLTG_ECOLI
seq810, sp|Q3Z319|KTHY_SHISS
seq811, sp|P28631|HOLB_ECOLI
seq812, sp|P69786|PTGCB_ECOLI
seq813, sp|P16869|FHUE_ECOLI
seq814, sp|P0ACE9|HINT_SHIFL
seq815, sp|P75946|YCFL_ECOLI
seq816, sp|Q3Z312|LPOB_SHISS
seq817, sp|P75948|THIK_ECOLI
seq818, sp|P75949|NAGZ_ECOLI
seq819, sp|P0A8E4|YCFP_SHIFL
seq820, sp|P00393|NDH_ECOLI
seq821, sp|P75952|COMR_ECOLI
seq822, sp|P0AB40|BHSA_ECOLI
seq823, sp|P75954|YCFS_ECOLI
seq824, sp|P30958|MFD_ECOLI
seq825, sp|P0ADC3|LOLC_ECOLI
seq826, sp|P75957|LOLD_ECOLI
seq827, sp|P75958|LOLE_ECOLI
seq828, sp|Q32EX9|NAGK_SHIDS
seq829, sp|P69877|POTA_SHIFL
seq830, sp|P29745|PEPT_ECOLI
seq831, sp|P27431|ROXA_ECOLI
seq832, sp|P23837|PHOQ_ECOLI
seq833, sp|P23836|PHOP_ECOLI
seq834, sp|P0AB89|PUR8_ECOLI
seq835, sp|Q3Z2Y7|HFLD_SHISS
seq836, sp|P25745|MNMA_ECOLI
seq837, sp|P0AEI9|NUDJ_SHIFL
seq838, sp|P75966|RLUE_ECOLI
seq839, sp|P08200|IDH_ECOLI
seq840, sp|P75967|YMFD_ECOLI
seq841, sp|P75968|YMFE_ECOLI
seq842, sp|P75969|INTE_ECOLI
seq843, sp|P75970|VXIS_ECOLI
seq844, sp|P75971|YMFH_ECOLI
seq845, sp|P75973|YMFJ_ECOLI
seq846, sp|P75974|COHE_ECOLI
seq847, sp|P75975|CROE_ECOLI
seq848, sp|P75976|YMFL_ECOLI
seq849, sp|P75977|YMFM_ECOLI
seq850, sp|P75978|YMFN_ECOLI
seq851, sp|P75979|YMFR_ECOLI
seq852, sp|P75980|BEEE_ECOLI
seq853, sp|P75981|JAYE_ECOLI
seq854, sp|P75982|YMFQ_ECOLI
seq855, sp|P45581|STFP_ECOLI
seq856, sp|P09153|TFAE_ECOLI
seq857, sp|P33227|STFE_ECOLI
seq858, sp|P03014|PINE_ECOLI
seq859, sp|P24200|MCRA_ECOLI
seq860, sp|P75987|IRAM_ECOLI
seq861, sp|P75988|YCGX_ECOLI
seq862, sp|P75989|BLUR_ECOLI
seq863, sp|P75990|BLUF_ECOLI
seq864, sp|P75991|YCGZ_ECOLI
seq865, sp|P75992|YMGA_ECOLI
seq866, sp|P75994|YMGC_ECOLI
seq867, sp|P58034|YMGF_ECOLI
seq868, sp|P77286|YDEU_ECOLI
seq869, sp|Q9JMS3|YUAQ_ECOLI
seq870, sp|P0AB48|YMGD_SHIFL
seq871, sp|Q3Z2X6|YMGG_SHISS
seq872, sp|P76000|YCGI_ECOLI
seq873, sp|Q3Z2X5|MINE_SHISS
seq874, sp|P0AEZ6|MIND_SHIFL
seq875, sp|P18196|MINC_ECOLI
seq876, sp|P76001|YCGJ_ECOLI
seq877, sp|P76002|PLIG_ECOLI
seq878, sp|Q1RCR7|YCGL_ECOUT
seq879, sp|P76004|YCGM_ECOLI
seq880, sp|P0A8L6|YCGN_SHIFL
seq881, sp|P77335|HLYE_ECOLI
seq882, sp|P0AG13|UMUD_SHIFL
seq883, sp|P04152|UMUC_ECOLI
seq884, sp|Q32H31|DSBB_SHIDS
seq885, sp|Q3Z2W1|FADR_SHISS
seq886, sp|P29013|YCGB_ECOLI
seq887, sp|Q3Z2V9|DADA_SHISS
seq888, sp|P29012|ALR2_ECOLI
seq889, sp|P76008|LDCA_ECOLI
seq890, sp|Q3Z2V5|EMTA_SHISS
seq891, sp|P76010|YCGR_ECOLI
seq892, sp|P76011|YMGE_ECOLI
seq893, sp|P76012|YCGY_ECOLI
seq894, sp|P13482|TREA_ECOLI
seq895, sp|P37349|DHAM_ECOLI
seq896, sp|P76014|DHAL_ECOLI
seq897, sp|P76015|DHAK_ECOLI
seq898, sp|P76016|DHAR_ECOLI
seq899, sp|P76017|YCGV_ECOLI
seq900, sp|P0ABU4|YCHF_SHIFL
seq901, sp|Q3Z0S2|PTH_SHISS
seq902, sp|P0AB49|YCHH_ECOLI
seq903, sp|P0A717|KPRS_ECOLI
seq904, sp|P62615|ISPE_ECOLI
seq905, sp|P61322|LOLB_SHIFL
seq906, sp|B7N421|HEM1_ECOLU
seq907, sp|P0ACC2|PRMC_SHIFL
seq908, sp|Q46755|SIRB2_ECOLI
seq909, sp|P0AGM5|SIRB1_ECOLI
seq910, sp|Q3Z0T2|KDSA_SHISS
seq911, sp|P0AE66|CHAB_SHIFL
seq912, sp|P39163|CHAC_ECOLI
seq913, sp|P0AB54|YCHN_SHIFL
seq914, sp|P39165|YCHO_ECOLI
seq915, sp|P0AF31|NARL_SHIFL
seq916, sp|P0AFA4|NARX_SHIFL
seq917, sp|P09152|NARG_ECOLI
seq918, sp|P11349|NARH_ECOLI
seq919, sp|P0AF26|NARJ_ECOLI
seq920, sp|P37051|PURU_ECOLI
seq921, sp|Q3Z0U8|YCHJ_SHISS
seq922, sp|P0AFR1|RSSA_SHIFL
seq923, sp|P0AEV3|RSSB_SHIFL
seq924, sp|P0AEP6|GALU_SHIFL
seq925, sp|P09120|HNS_SHIFL
seq926, sp|P23331|KITH_ECOLI
seq927, sp|P30192|INSZ_ECOLI
seq928, sp|P30192|INSZ_ECOLI
seq929, sp|P0A9Q7|ADHE_ECOLI
seq930, sp|P25743|YCHE_ECOLI
seq931, sp|P23843|OPPA_ECOLI
seq932, sp|P76027|OPPD_ECOLI
seq933, sp|P77737|OPPF_ECOLI
seq934, sp|Q3Z0W3|CLSA_SHISS
seq935, sp|P0A8Z2|YCIA_SHIFL
seq936, sp|P0A916|OMPW_SHIFL
seq937, sp|P21363|YCIE_ECOLI
seq938, sp|P21362|YCIF_ECOLI
seq939, sp|P21361|YCIG_ECOLI
seq940, sp|P0A878|TRPA_SHIFL
seq941, sp|P0A880|TRPB_SHIFL
seq942, sp|P00909|TRPC_ECOLI
seq943, sp|P00904|TRPGD_ECOLI
seq944, sp|P00895|TRPE_ECOLI
seq945, sp|P77766|RNAAM_ECOLI
seq946, sp|P0AFR6|YCIO_SHIFL
seq947, sp|P0A9H5|BTUR_ECOLI
seq948, sp|P31808|YCIK_ECOLI
seq949, sp|P0AG15|SOHB_SHIFL
seq950, sp|P0AB64|YCIN_SHIFL
seq951, sp|P0A9F3|CYSB_ECOLI
seq952, sp|P25516|ACNA_ECOLI
seq953, sp|Q3Z127|RIBA_SHISS
seq954, sp|P0ACV5|LAPA_SHIFL
seq955, sp|P0AB58|LAPB_ECOLI
seq956, sp|P08244|PYRF_ECOLI
seq957, sp|P08245|YCIH_ECOLI
seq958, sp|P76034|YCIT_ECOLI
seq959, sp|B6IA03|RNB_ECOSE
seq960, sp|P76035|YCIW_ECOLI
seq961, sp|P0AEK6|FABI_SHIFL
seq962, sp|P45736|YCJD_ECOLI
seq963, sp|P0AAI0|SAPF_SHIFL
seq964, sp|P0AAH7|SAPD_SHIFL
seq965, sp|P0AGH7|SAPC_SHIFL
seq966, sp|P0AGH3|SAPB_ECOLI
seq967, sp|Q47622|SAPA_ECOLI
seq968, sp|P0ACV9|YMJA_SHIFL
seq969, sp|P78061|PUUA_ECOLI
seq970, sp|Q3Z146|PUUD_SHISS
seq971, sp|P0A9U7|PUUR_SHIFL
seq972, sp|P23883|PUUC_ECOLI
seq973, sp|P37906|PUUB_ECOLI
seq974, sp|P50457|PUUE_ECOLI
seq975, sp|P37344|PSPF_ECOLI
seq976, sp|P0AFM8|PSPA_SHIFL
seq977, sp|P0AFM9|PSPB_ECOLI
seq978, sp|P0AFN5|PSPC_SHIFL
seq979, sp|P0AFV8|PSPD_ECOLI
seq980, sp|P76041|GGAP_ECOLI
seq981, sp|P76042|YCJN_ECOLI
seq982, sp|P76043|YCJQ_ECOLI
seq983, sp|P76044|YCJR_ECOLI
seq984, sp|P77503|YCJS_ECOLI
seq985, sp|P77481|YCJV_ECOLI
seq986, sp|P76045|OMPG_ECOLI
seq987, sp|P77615|YCJW_ECOLI
seq988, sp|P76046|YCJX_ECOLI
seq989, sp|Q1RC43|YCJF_ECOUT
seq990, sp|P07604|TYRR_ECOLI
seq991, sp|P51981|AEEP_ECOLI
seq992, sp|P0ACV6|MPAA_ECOLI
seq993, sp|P76049|YCJY_ECOLI
seq994, sp|P77348|MPPA_ECOLI
seq995, sp|P0AEB5|YNAI_ECOLI
seq996, sp|P64445|YNAJ_ECOLI
seq997, sp|P0AAC3|USPE_SHIFL
seq998, sp|P0A9E8|FNR_SHIFL
seq999, sp|P0AFH1|OGT_SHIFL
seq1000, sp|P76052|ABGB_ECOLI
seq1001, sp|P77357|ABGA_ECOLI
seq1002, sp|P77744|ABGR_ECOLI
seq1003, sp|P76053|SMRA_ECOLI
seq1004, sp|P77302|DGCM_ECOLI
seq1005, sp|Q3Z192|ZNTB_SHISS
seq1006, sp|P21693|DBPA_ECOLI
seq1007, sp|P76055|TTCA_ECOLI
seq1008, sp|P76056|INTR_ECOLI
seq1009, sp|P33230|RCBA_ECOLI
seq1010, sp|P33229|RALR_ECOLI
seq1011, sp|P33228|RECT_ECOLI
seq1012, sp|P15032|RECE_ECOLI
seq1013, sp|P15033|RACC_ECOLI
seq1014, sp|P38394|YDAE_ECOLI
seq1015, sp|P38393|KILR_ECOLI
seq1016, sp|P38392|SIEB_ECOLI
seq1017, sp|P76062|RACR_ECOLI
seq1018, sp|P76064|YDAT_ECOLI
seq1019, sp|P76065|YDAU_ECOLI
seq1020, sp|P76066|YDAW_ECOLI
seq1021, sp|P77551|RZPR_ECOLI
seq1022, sp|P58042|RZOR_ECOLI
seq1023, sp|P76068|YNAK_ECOLI
seq1024, sp|P76069|YDAY_ECOLI
seq1025, sp|P77658|YNAA_ECOLI
seq1026, sp|P76072|STFR_ECOLI
seq1027, sp|P77163|TFAR_ECOLI
seq1028, sp|P0ADI0|PINR_ECOLI
seq1029, sp|P76073|YNAE_ECOLI
seq1030, sp|P37903|USPF_ECOLI
seq1031, sp|P77747|OMPN_ECOLI
seq1032, sp|P52647|NIFJ_ECOLI
seq1033, sp|P0ACW2|YDBJ_ECOLI
seq1034, sp|P52644|HSLJ_ECOLI
seq1035, sp|P52643|LDHD_ECOLI
seq1036, sp|P52645|YDBH_ECOLI
seq1037, sp|P76076|YDBL_ECOLI
seq1038, sp|Q47129|FEAR_ECOLI
seq1039, sp|P80668|FEAB_ECOLI
seq1040, sp|P46883|AMO_ECOLI
seq1041, sp|P77455|PAAZ_ECOLI
seq1042, sp|P76078|PAAB_ECOLI
seq1043, sp|P76080|PAAD_ECOLI
seq1044, sp|P76081|PAAE_ECOLI
seq1045, sp|P76082|PAAF_ECOLI
seq1046, sp|P77467|PAAG_ECOLI
seq1047, sp|P76083|PAAH_ECOLI
seq1048, sp|P76084|PAAI_ECOLI
seq1049, sp|P0C7L2|PAAJ_ECOLI
seq1050, sp|P76086|PAAX_ECOLI
seq1051, sp|P77181|PAAY_ECOLI
seq1052, sp|P25927|BIGA_SALTY
seq1053, sp|P33666|YDBA_ECOLI
seq1054, sp|P25906|PDXI_ECOLI
seq1055, sp|P25907|YDBD_ECOLI
seq1056, sp|P76090|YNBA_ECOLI
seq1057, sp|P76092|YNBC_ECOLI
seq1058, sp|P41407|AZOR_ECOLI
seq1059, sp|P34209|YDCF_ECOLI
seq1060, sp|P25553|ALDA_ECOLI
seq1061, sp|P58072|G3P2_ECO57
seq1062, sp|P0ABE6|C561_SHIFL
seq1063, sp|P77494|HOKB_ECOLI
seq1064, sp|P05704|MCP3_ECOLI
seq1065, sp|P77171|YDCI_ECOLI
seq1066, sp|P76097|YDCJ_ECOLI
seq1067, sp|P40120|OPGD_ECOLI
seq1068, sp|P0ACW7|YDCH_SHIFL
seq1069, sp|P13857|RIML_ECOLI
seq1070, sp|P76100|YDCK_ECOLI
seq1071, sp|P25397|TEHB_ECOLI
seq1072, sp|P76102|INSQ_ECOLI
seq1073, sp|P77626|SUTR_ECOLI
seq1074, sp|P76104|RLHA_ECOLI
seq1075, sp|P64459|YNCJ_ECOLI
seq1076, sp|P67697|HICB_ECOLI
seq1077, sp|P77730|YDCR_ECOLI
seq1078, sp|P76108|YDCS_ECOLI
seq1079, sp|P77795|YDCT_ECOLI
seq1080, sp|P77674|ABDH_ECOLI
seq1081, sp|P64458|YDCY_SHIFL
seq1082, sp|P76111|YDCZ_ECOLI
seq1083, sp|P76112|MNAT_ECOLI
seq1084, sp|P76114|MCBR_ECOLI
seq1085, sp|P76115|YNCD_ECOLI
seq1086, sp|P76116|YNCE_ECOLI
seq1087, sp|P76117|YNCG_ECOLI
seq1088, sp|P76118|YNCH_ECOLI
seq1089, sp|P24211|RHSE_ECOLI
seq1090, sp|P31991|YDCD_ECOLI
seq1091, sp|P76119|YNCI_ECOLI
seq1092, sp|P28917|YDCC_ECOLI
seq1093, sp|P76121|YDDH_ECOLI
seq1094, sp|P77567|NHOA_ECOLI
seq1095, sp|P37757|YDDE_ECOLI
seq1096, sp|P19317|NARW_ECOLI
seq1097, sp|P19318|NARY_ECOLI
seq1098, sp|P76123|YDDK_ECOLI
seq1099, sp|P77519|YDDL_ECOLI
seq1100, sp|P0AAJ4|FDNH_SHIFL
seq1101, sp|P0AEK9|FDNI_SHIFL
seq1102, sp|P39451|ADHP_ECOLI
seq1103, sp|P26616|MAO1_ECOLI
seq1104, sp|P0C0L3|OSMC_SHIFL
seq1105, sp|P77622|DDPF_ECOLI
seq1106, sp|P77268|DDPD_ECOLI
seq1107, sp|P77463|DDPC_ECOLI
seq1108, sp|P76128|DDPA_ECOLI
seq1109, sp|P77790|DDPX_ECOLI
seq1110, sp|P76129|DOSP_ECOLI
seq1111, sp|Q320T0|DOSC_SHIBS
seq1112, sp|P64428|DIGH_SHIFL
seq1113, sp|P69912|DCEB_SHIFL
seq1114, sp|P31828|PQQL_ECOLI
seq1115, sp|P31827|YDDB_ECOLI
seq1116, sp|P76134|YDEM_ECOLI
seq1117, sp|P77318|YDEN_ECOLI
seq1118, sp|P76135|YDEO_ECOLI
seq1119, sp|P77561|YDEP_ECOLI
seq1120, sp|P77588|YDEQ_ECOLI
seq1121, sp|P77294|YDER_ECOLI
seq1122, sp|P77789|YDES_ECOLI
seq1123, sp|P76137|YDET_ECOLI
seq1124, sp|P23874|HIPA_ECOLI
seq1125, sp|P77286|YDEU_ECOLI
seq1126, sp|P77432|LSRK_ECOLI
seq1127, sp|P76141|LSRR_ECOLI
seq1128, sp|P77257|LSRA_ECOLI
seq1129, sp|P76142|LSRB_ECOLI
seq1130, sp|P76143|LSRF_ECOLI
seq1131, sp|B1LF97|LSRG_ECOSM
seq1132, sp|P76145|TAM_ECOLI
seq1133, sp|B1LF94|UXAB_ECOSM
seq1134, sp|P76147|DGCF_ECOLI
seq1135, sp|P76148|YNEG_ECOLI
seq1136, sp|P0A6W0|GLSA2_ECOLI
seq1137, sp|P76149|SAD_ECOLI
seq1138, sp|P77309|YNEJ_ECOLI
seq1139, sp|P76150|YNEK_ECOLI
seq1140, sp|Q3Z1R5|MARC_SHISS
seq1141, sp|P27245|MARR_ECOLI
seq1142, sp|P0ACH7|MARA_SHIFL
seq1143, sp|P31121|MARB_ECOLI
seq1144, sp|P31125|EAMA_ECOLI
seq1145, sp|P31126|YDEE_ECOLI
seq1146, sp|P31129|DGCZ_ECOLI
seq1147, sp|P31130|YDEI_ECOLI
seq1148, sp|P31131|YDEJ_ECOLI
seq1149, sp|P24171|DCP_ECOLI
seq1150, sp|P39831|YDFG_ECOLI
seq1151, sp|P64466|YDFZ_SHIFL
seq1152, sp|P77260|YDFI_ECOLI
seq1153, sp|P76154|YDFK_ECOLI
seq1154, sp|P77170|PINQ_ECOLI
seq1155, sp|P76155|TFAQ_ECOLI
seq1156, sp|P77515|STFQ_ECOLI
seq1157, sp|P31061|NOHA_ECOLI
seq1158, sp|Q2EES0|YNFO_ECOLI
seq1159, sp|P76156|YDFO_ECOLI
seq1160, sp|P76158|RZPQ_ECOLI
seq1161, sp|P76159|LYSQ_ECOLI
seq1162, sp|P76160|YDFR_ECOLI
seq1163, sp|P77237|ESSQ_ECOLI
seq1164, sp|P36995|CSPB_ECOLI
seq1165, sp|P0A976|CSPF_ECOLI
seq1166, sp|P76161|REQ2_ECOLI
seq1167, sp|P0C080|RELB_SHIFL
seq1168, sp|P77609|FLXA_ECOLI
seq1169, sp|P76165|YDFX_ECOLI
seq1170, sp|P06965|DICC_ECOLI
seq1171, sp|P06966|DICA_ECOLI
seq1172, sp|P21418|YDFC_ECOLI
seq1173, sp|P76168|INTQ_ECOLI
seq1174, sp|P38105|RSPB_ECOLI
seq1175, sp|P38104|RSPA_ECOLI
seq1176, sp|B6IB17|YNFB_ECOSE
seq1177, sp|P0A951|ATDA_ECOLI
seq1178, sp|P76172|YNFD_ECOLI
seq1179, sp|P77374|YNFE_ECOLI
seq1180, sp|P77783|YNFF_ECOLI
seq1181, sp|P0AAJ1|YNFG_ECOLI
seq1182, sp|P76175|CLCB_ECOLI
seq1183, sp|P0A6E9|BIOD2_ECOLI
seq1184, sp|P50456|MLC_ECOLI
seq1185, sp|P77559|YNFL_ECOLI
seq1186, sp|P76176|YDGD_ECOLI
seq1187, sp|Q3Z1V2|MDTI_SHISS
seq1188, sp|Q3Z1V3|MDTJ_SHISS
seq1189, sp|P07001|PNTA_ECOLI
seq1190, sp|P76177|YDGH_ECOLI
seq1191, sp|Q32G72|FOLM_SHIDS
seq1192, sp|P0ACX2|YDGC_SHIFL
seq1193, sp|P52108|RSTA_ECOLI
seq1194, sp|P18392|RSTB_ECOLI
seq1195, sp|P16525|TUS_ECOLI
seq1196, sp|P05042|FUMC_ECOLI
seq1197, sp|P0AC33|FUMA_ECOLI
seq1198, sp|P00946|MANA_ECOLI
seq1199, sp|P77804|YDGA_ECOLI
seq1200, sp|Q47706|UIDC_ECOLI
seq1201, sp|P05804|BGLR_ECOLI
seq1202, sp|P0ACT9|UIDR_SHIFL
seq1203, sp|P0AET8|HDHA_ECOLI
seq1204, sp|P18811|MALI_ECOLI
seq1205, sp|P19642|PTOCB_ECOLI
seq1206, sp|P23256|MALY_ECOLI
seq1207, sp|B7NB76|ADD_ECOLU
seq1208, sp|P77223|RSXB_ECOLI
seq1209, sp|P77285|RSXG_ECOLI
seq1210, sp|Q32FE1|RSXE_SHIDS
seq1211, sp|P0AB83|END3_ECOLI
seq1212, sp|P0A9D2|GSTA_ECOLI
seq1213, sp|Q320Z3|PDXY_SHIBS
seq1214, sp|Q3Z1Z3|SYY_SHISS
seq1215, sp|P0AFI8|PDXH_SHIFL
seq1216, sp|P28224|MLIC_ECOLI
seq1217, sp|P77570|ANMK_ECOLI
seq1218, sp|P0A8W4|SLYA_SHIFL
seq1219, sp|P64473|YDHI_SHIFL
seq1220, sp|P76185|YDHJ_ECOLI
seq1221, sp|P76187|YDHF_ECOLI
seq1222, sp|P67430|NEMR_ECOLI
seq1223, sp|P77258|NEMA_ECOLI
seq1224, sp|P0AC83|LGUL_SHIFL
seq1225, sp|P30014|RNT_ECOLI
seq1226, sp|P0AC72|GLRX4_SHIFL
seq1227, sp|P0AGD6|SODF_SHIFL
seq1228, sp|P0ACR2|YDHB_ECOLI
seq1229, sp|P0A9H7|CFA_ECOLI
seq1230, sp|P0AFU9|RISA_SHIFL
seq1231, sp|P77552|YDHQ_ECOLI
seq1232, sp|P77148|YDHS_ECOLI
seq1233, sp|P77147|YDHT_ECOLI
seq1234, sp|P77409|YDHU_ECOLI
seq1235, sp|P77564|YDHW_ECOLI
seq1236, sp|P76192|YDHV_ECOLI
seq1237, sp|P0AAL8|YDHY_SHIFL
seq1238, sp|P0ACX8|FUMD_SHIFL
seq1239, sp|P0AD61|KPYK1_ECOLI
seq1240, sp|P69780|LPP_SHIFL
seq1241, sp|P76193|YNHG_ECOLI
seq1242, sp|B1LE57|SUFE_ECOSM
seq1243, sp|P77444|SUFS_ECOLI
seq1244, sp|P77689|SUFD_ECOLI
seq1245, sp|P77499|SUFC_ECOLI
seq1246, sp|P77522|SUFB_ECOLI
seq1247, sp|P77667|SUFA_ECOLI
seq1248, sp|P77781|MENI_ECOLI
seq1249, sp|P77748|YDIJ_ECOLI
seq1250, sp|P76196|YDIL_ECOLI
seq1251, sp|P0C2L9|YDIB_SHIBS
seq1252, sp|B1LE43|AROD_ECOSM
seq1253, sp|P37766|YDIF_ECOLI
seq1254, sp|P0A9U8|YDIO_ECOLI
seq1255, sp|P77378|YDIR_ECOLI
seq1256, sp|P77337|YDIS_ECOLI
seq1257, sp|P77714|YDIT_ECOLI
seq1258, sp|P23538|PPSA_ECOLI
seq1259, sp|Q3Z250|PSRP_SHISS
seq1260, sp|P00887|AROH_ECOLI
seq1261, sp|P0ACX9|YDIE_ECOLI
seq1262, sp|P77649|SELO_ECOLI
seq1263, sp|P76204|YDIV_ECOLI
seq1264, sp|P23898|NLPC_ECOLI
seq1265, sp|P06611|BTUD_ECOLI
seq1266, sp|P06610|BTUE_ECOLI
seq1267, sp|P07395|SYFB_ECOLI
seq1268, sp|Q321K6|SYFA_SHIBS
seq1269, sp|Q3Z264|RL20_SHISS
seq1270, sp|Q3Z265|RL35_SHISS
seq1271, sp|P0A707|IF3_ECOLI
seq1272, sp|Q3Z267|SYT_SHISS
seq1273, sp|P76205|ARPB_ECOLI
seq1274, sp|P23325|ARPA_ECOLI
seq1275, sp|P76206|YDIY_ECOLI
seq1276, sp|P06999|PFKB_ECOLI
seq1277, sp|P76208|YNIB_ECOLI
seq1278, sp|P77247|HXPB_ECOLI
seq1279, sp|P64482|YDJM_SHIFL
seq1280, sp|P77529|TCYP_ECOLI
seq1281, sp|P76210|YDJO_ECOLI
seq1282, sp|Q3Z278|CEDA_SHISS
seq1283, sp|P21179|CATE_ECOLI
seq1284, sp|P37794|CHBG_ECOLI
seq1285, sp|P17411|CHBF_ECOLI
seq1286, sp|P17410|CHBR_ECOLI
seq1287, sp|P69794|PTQA_SHIFL
seq1288, sp|P17334|PTQC_ECOLI
seq1289, sp|P69795|PTQB_ECOLI
seq1290, sp|P0ADB3|OSME_SHIFL
seq1291, sp|P76213|CHO_ECOLI
seq1292, sp|P76214|VES_ECOLI
seq1293, sp|P77754|SPY_ECOLI
seq1294, sp|P76216|ASTB_ECOLI
seq1295, sp|P76217|ASTD_ECOLI
seq1296, sp|B1LDY4|ASTA_ECOSM
seq1297, sp|B6IBG8|ASTC_ECOSE
seq1298, sp|P09030|EX3_ECOLI
seq1299, sp|P76220|YDJY_ECOLI
seq1300, sp|P76222|YNJA_ECOLI
seq1301, sp|P76223|YNJB_ECOLI
seq1302, sp|P76909|YNJD_ECOLI
seq1303, sp|P78067|YNJE_ECOLI
seq1304, sp|P77788|NUDG_ECOLI
seq1305, sp|P76227|YNJH_ECOLI
seq1306, sp|P00370|DHE4_ECOLI
seq1307, sp|P76228|YNJI_ECOLI
seq1308, sp|P16456|SELD_ECOLI
seq1309, sp|P0ACY1|YDJA_ECOLI
seq1310, sp|P08395|SPPA_ECOLI
seq1311, sp|P0A962|ASPG1_ECOLI
seq1312, sp|P77721|YDJF_ECOLI
seq1313, sp|P77256|AKRMG_ECOLI
seq1314, sp|P77493|YDJH_ECOLI
seq1315, sp|P77704|YDJI_ECOLI
seq1316, sp|P77280|YDJJ_ECOLI
seq1317, sp|P77539|YDJL_ECOLI
seq1318, sp|Q3Z2B6|MSRB_SHISS
seq1319, sp|P0A9B5|G3P_SHIFL
seq1320, sp|P39173|YEAD_ECOLI
seq1321, sp|P76234|YEAE_ECOLI
seq1322, sp|P0A909|MIPA_SHIFL
seq1323, sp|P0ACY3|YEAG_ECOLI
seq1324, sp|P76237|DGCJ_ECOLI
seq1325, sp|P64483|YEAK_ECOLI
seq1326, sp|P76241|NIMR_ECOLI
seq1327, sp|P76243|YEAO_ECOLI
seq1328, sp|P64495|YOAF_SHIFL
seq1329, sp|P76245|DGCP_ECOLI
seq1330, sp|P64488|YEAR_ECOLI
seq1331, sp|P76250|DMLR_ECOLI
seq1332, sp|P76251|DMLA_ECOLI
seq1333, sp|P0ABR7|CNTA_ECOLI
seq1334, sp|P76254|CNTB_ECOLI
seq1335, sp|P09155|RND_ECOLI
seq1336, sp|P69451|LCFA_ECOLI
seq1337, sp|P0AA91|YEAY_ECOLI
seq1338, sp|P76256|TSAB_ECOLI
seq1339, sp|P76257|YOAA_ECOLI
seq1340, sp|P0AEB9|YOAB_SHIFL
seq1341, sp|P64492|YOAC_SHIFL
seq1342, sp|P05041|PABB_ECOLI
seq1343, sp|P43337|NUDL_ECOLI
seq1344, sp|P16095|SDHL_ECOLI
seq1345, sp|P76261|PDED_ECOLI
seq1346, sp|P0AEC0|YOAE_ECOLI
seq1347, sp|P69800|PTNAB_SHIFL
seq1348, sp|P69806|PTND_ECOL6
seq1349, sp|P36999|RLMA_ECOLI
seq1350, sp|P0A9Y9|CSPC_SALTY
seq1351, sp|P64499|YEBO_ECOLI
seq1352, sp|B7LPM0|MGRB_ESCF3
seq1353, sp|Q32F31|YOBH_SHIDS
seq1354, sp|P76268|KDGR_ECOLI
seq1355, sp|P23894|HTPX_ECOLI
seq1356, sp|P45577|PROQ_ECOLI
seq1357, sp|P76270|MSRC_ECOLI
seq1358, sp|P76272|YEBT_ECOLI
seq1359, sp|P76273|RSMF_ECOLI
seq1360, sp|P64505|YEBV_SHIFL
seq1361, sp|P76275|YEBW_ECOLI
seq1362, sp|P55798|PRP1_ECOLI
seq1363, sp|P64507|YEBY_SHIFL
seq1364, sp|P0ABT1|HOLE_SHIFL
seq1365, sp|P76280|YOBB_ECOLI
seq1366, sp|P0AEK0|EXOX_ECOLI
seq1367, sp|P24555|PTRB_ECOLI
seq1368, sp|P33218|YEBE_ECOLI
seq1369, sp|P33219|YEBF_ECOLI
seq1370, sp|P0ACY9|YEBG_ECOLI
seq1371, sp|Q3Z2K0|PURT_SHISS
seq1372, sp|P0A958|ALKH_SHIFL
seq1373, sp|P0ADF6|EDD_ECOLI
seq1374, sp|P0AC53|G6PD_ECOLI
seq1375, sp|P46118|HEXR_ECOLI
seq1376, sp|P21599|KPYK2_ECOLI
seq1377, sp|P24205|LPXM_ECOLI
seq1378, sp|P0AFT1|MEPM_SHIFL
seq1379, sp|P39172|ZNUA_ECOLI
seq1380, sp|Q3Z2L6|ZNUC_SHISS
seq1381, sp|Q32HA1|RUVB_SHIDS
seq1382, sp|Q322E5|RUVA_SHIBS
seq1383, sp|Q32H98|RUVC_SHIDS
seq1384, sp|P0AFC2|NUDB_SHIFL
seq1385, sp|P21889|SYD_ECOLI
seq1386, sp|P0ADI7|YECD_ECOLI
seq1387, sp|P37348|YECE_ECOLI
seq1388, sp|P64515|YECN_ECOLI
seq1389, sp|P76290|CMOA_ECOLI
seq1390, sp|Q1RAR3|CMOB_ECOUT
seq1391, sp|P46923|TORZ_ECOLI
seq1392, sp|P52005|TORY_ECOLI
seq1393, sp|Q3Z2Q2|CUTC_SHISS
seq1394, sp|P52007|YECM_ECOLI
seq1395, sp|P11875|SYR_ECOLI
seq1396, sp|P76296|YECT_ECOLI
seq1397, sp|P76297|FLHE_ECOLI
seq1398, sp|P76298|FLHA_ECOLI
seq1399, sp|P0A9H9|CHEZ_ECOLI
seq1400, sp|P0AE69|CHEY_SHIFL
seq1401, sp|P07330|CHEB_ECOLI
seq1402, sp|P07364|CHER_ECOLI
seq1403, sp|P07018|MCP4_ECOLI
seq1404, sp|P07017|MCP2_ECOLI
seq1405, sp|P0A967|CHEW_SHIFL
seq1406, sp|P07363|CHEA_ECOLI
seq1407, sp|P0AF06|MOTB_ECOLI
seq1408, sp|P09348|MOTA_ECOLI
seq1409, sp|P0ABZ0|FLHC_SHIFL
seq1410, sp|Q3Z2S0|FLHD_SHISS
seq1411, sp|P46888|USPC_ECOLI
seq1412, sp|Q3Z2S4|OTSA_SHISS
seq1413, sp|P31678|OTSB_ECOLI
seq1414, sp|P0AAF3|ARAG_ECOLI
seq1415, sp|P02924|ARAF_ECOLI
seq1416, sp|P0A9A5|FTNB_SHIFL
seq1417, sp|P0AD10|YECJ_ECOLI
seq1418, sp|P76308|YECR_ECOLI
seq1419, sp|P0A9A1|FTNA_SHIFL
seq1420, sp|P46887|YECH_ECOLI
seq1421, sp|P0AD06|YECA_SHIFL
seq1422, sp|Q3Z2T6|PGSA_SHISS
seq1423, sp|Q3Z2T7|UVRC_SHISS
seq1424, sp|P0AED6|UVRY_SHIFL
seq1425, sp|P0AD09|YECF_SHIFL
seq1426, sp|P37774|TCYN_ECOLI
seq1427, sp|P0AFT4|TCYL_SHIFL
seq1428, sp|B1LQT7|DCYD_ECOSM
seq1429, sp|P0AEM9|TCYJ_ECOLI
seq1430, sp|P52627|FLIZ_ECOLI
seq1431, sp|P04949|FLIC_ECOLI
seq1432, sp|P24216|FLID_ECOLI
seq1433, sp|P26608|FLIS_ECOLI
seq1434, sp|P0ABY2|FLIT_ECOLI
seq1435, sp|P26612|AMY2_ECOLI
seq1436, sp|P31063|YEDD_ECOLI
seq1437, sp|P0AA36|YEDF_SHIFL
seq1438, sp|P76318|YEDK_ECOLI
seq1439, sp|P76319|YEDL_ECOLI
seq1440, sp|P76322|YEDM_ECOLI
seq1441, sp|Q3Z0Q1|FLIE_SHISS
seq1442, sp|P25798|FLIF_ECOLI
seq1443, sp|P0ABZ1|FLIG_ECOLI
seq1444, sp|P31068|FLIH_ECOLI
seq1445, sp|P52612|FLII_ECOLI
seq1446, sp|P52613|FLIJ_ECOLI
seq1447, sp|P52614|FLIK_ECOLI
seq1448, sp|P0ABY1|FLIL_SHIFL
seq1449, sp|P06974|FLIM_ECOLI
seq1450, sp|P15070|FLIN_ECOLI
seq1451, sp|P22586|FLIO_ECOLI
seq1452, sp|P0AC10|FLIQ_SHIFL
seq1453, sp|P0DMC9|RCSA_ECOLI
seq1454, sp|P76329|MPGP_ECOLI
seq1455, sp|P76330|DGCQ_ECOLI
seq1456, sp|P46125|YEDI_ECOLI
seq1457, sp|P0AED9|DCM_ECOLI
seq1458, sp|P46144|YEDJ_ECOLI
seq1459, sp|P76334|DRPB_ECOLI
seq1460, sp|P76335|YEDS_ECOLI
seq1461, sp|Q56110|OMPS1_SALTI
seq1462, sp|Q56110|OMPS1_SALTI
seq1463, sp|P31658|HCHA_ECOLI
seq1464, sp|P76339|HPRS_ECOLI
seq1465, sp|P76340|HPRR_ECOLI
seq1466, sp|P76341|HIUH_ECOLI
seq1467, sp|P76342|MSRP_ECOLI
seq1468, sp|P76345|C56H_ECOLI
seq1469, sp|Q322W7|MTFA_SHIBS
seq1470, sp|P45042|RFAF_HAEIN
seq1471, sp|P76349|YEEL_ECOLI
seq1472, sp|P76350|SHIA_ECOLI
seq1473, sp|P0AE12|AMN_ECOLI
seq1474, sp|Q322B0|YEEN_SHIBS
seq1475, sp|Q47083|CBL_ECOLI
seq1476, sp|P39176|ERFK_ECOLI
seq1477, sp|P36562|COBT_ECOLI
seq1478, sp|P36561|COBS_ECOLI
seq1479, sp|P0AE76|COBU_ECOLI
seq1480, sp|P76359|YEEP_ECOLI
seq1481, sp|P39180|AG43_ECOLI
seq1482, sp|P76361|YEER_ECOLI
seq1483, sp|P76362|YEES_ECOLI
seq1484, sp|P64521|YEET_ECOLI
seq1485, sp|P76364|CBEA_ECOLI
seq1486, sp|P64524|CBTA_ECOLI
seq1487, sp|Q2EES3|YOEF_ECOLI
seq1488, sp|P0A8M9|YEEX_SHIFL
seq1489, sp|P33011|YEEA_ECOLI
seq1490, sp|B2TYH1|SBMC_SHIB3
seq1491, sp|P33013|DACD_ECOLI
seq1492, sp|P04995|EX1_ECOLI
seq1493, sp|P0AD12|YEEZ_ECOLI
seq1494, sp|Q83KJ8|YEFM_SHIFL
seq1495, sp|Q3Z0G6|HIS1_SHISS
seq1496, sp|P06988|HISX_ECOLI
seq1497, sp|P06987|HIS7_ECOLI
seq1498, sp|Q3Z0G2|HIS5_SHISS
seq1499, sp|B6I851|HIS4_ECOSE
seq1500, sp|P06989|HIS2_ECOLI
seq1501, sp|P76372|WZZB_ECOLI
seq1502, sp|P76373|UDG_ECOLI
seq1503, sp|P00350|6PGD_ECOLI
seq1504, sp|P36667|WBBL_ECOLI
seq1505, sp|P36667|WBBL_ECOLI
seq1506, sp|P37751|WBBK_ECOLI
seq1507, sp|P37749|WBBI_ECOLI
seq1508, sp|P37747|GLF_ECOLI
seq1509, sp|P37744|RMLA1_ECOLI
seq1510, sp|P37759|RMLB1_ECOLI
seq1511, sp|P0AAB6|GALF_ECOLI
seq1512, sp|P71243|WCAL_ECOLI
seq1513, sp|P71242|WCAK_ECOLI
seq1514, sp|P24174|MANC_ECOLI
seq1515, sp|P32057|WCAI_ECOLI
seq1516, sp|P32056|GMM_ECOLI
seq1517, sp|P0AC91|GM4D_SHIFL
seq1518, sp|P0ACD3|WCAF_SHIFL
seq1519, sp|P71239|WCAE_ECOLI
seq1520, sp|P71237|WCAC_ECOLI
seq1521, sp|P77414|WCAA_ECOLI
seq1522, sp|P76387|WZC_ECOLI
seq1523, sp|P0AAB2|WZB_ECOLI
seq1524, sp|P0A930|WZA_ECOLI
seq1525, sp|P76389|YEGH_ECOLI
seq1526, sp|P28249|ASMA_ECOLI
seq1527, sp|P28248|DCD_ECOLI
seq1528, sp|P0A8F7|URK_SHIFL
seq1529, sp|P04395|3MG2_ECOLI
seq1530, sp|P36928|YEGD_ECOLI
seq1531, sp|P76394|YEGJ_ECOLI
seq1532, sp|P76395|PRP3_ECOLI
seq1533, sp|P76396|YEGL_ECOLI
seq1534, sp|P76397|MDTA_ECOLI
seq1535, sp|P30847|BAES_ECOLI
seq1536, sp|P69228|BAER_ECOLI
seq1537, sp|P76403|TRHP_ECOLI
seq1538, sp|P76406|YEGR_ECOLI
seq1539, sp|P76407|YEGS_ECOLI
seq1540, sp|P15082|SRLR_ECOLI
seq1541, sp|P15082|SRLR_ECOLI
seq1542, sp|P36930|GATR_ECOLI
seq1543, sp|P36930|GATR_ECOLI
seq1544, sp|P0A9S3|GATD_ECOLI
seq1545, sp|P69828|PTKA_ECOLI
seq1546, sp|P69828|PTKA_ECOLI
seq1547, sp|P69828|PTKA_ECOLI
seq1548, sp|P69828|PTKA_ECOLI
seq1549, sp|P0C8J8|GATZ_ECOLI
seq1550, sp|P0C8J6|GATY_ECOLI
seq1551, sp|P0A991|ALF1_ECOLI
seq1552, sp|P76418|YEGU_ECOLI
seq1553, sp|P0ACM8|YEGW_SHIFL
seq1554, sp|P76421|YEGX_ECOLI
seq1555, sp|P76422|THID_ECOLI
seq1556, sp|P76423|THIM_ECOLI
seq1557, sp|Q3Z0A5|RCNR_SHISS
seq1558, sp|P64534|RCNB_ECOLI
seq1559, sp|P33340|YEHA_ECOLI
seq1560, sp|P33341|YEHB_ECOLI
seq1561, sp|P33342|YEHC_ECOLI
seq1562, sp|P33343|YEHD_ECOLI
seq1563, sp|P33344|YEHE_ECOLI
seq1564, sp|P0AF08|APBC_ECOLI
seq1565, sp|P00959|SYM_ECOLI
seq1566, sp|P33346|YEHI_ECOLI
seq1567, sp|P33345|YEHF_ECOLI
seq1568, sp|P33346|YEHI_ECOLI
seq1569, sp|P33346|YEHI_ECOLI
seq1570, sp|P33347|YEHK_ECOLI
seq1571, sp|P33348|YEHL_ECOLI
seq1572, sp|P33349|YEHM_ECOLI
seq1573, sp|P33352|YEHP_ECOLI
seq1574, sp|P33353|YEHQ_ECOLI
seq1575, sp|P33354|YEHR_ECOLI
seq1576, sp|P33355|YEHS_ECOLI
seq1577, sp|P0AFT5|BTSR_ECOLI
seq1578, sp|P0AD16|BTSS_SHIFL
seq1579, sp|P33358|MLRA_ECOLI
seq1580, sp|P33359|YEHW_ECOLI
seq1581, sp|P33360|YEHX_ECOLI
seq1582, sp|P33362|YEHZ_ECOLI
seq1583, sp|P33363|BGLX_ECOLI
seq1584, sp|P06149|DLD_ECOLI
seq1585, sp|P0AFI6|PBP7_SHIFL
seq1586, sp|P0AD17|YOHC_ECOLI
seq1587, sp|P33366|YOHD_ECOLI
seq1588, sp|P33368|YOHF_ECOLI
seq1589, sp|P33369|MDTQ_ECOLI
seq1590, sp|P33371|DUSC_ECOLI
seq1591, sp|Q3Z064|YOHJ_SHISS
seq1592, sp|Q3Z062|CDD_SHISS
seq1593, sp|P0AFY5|SANA_SHIFL
seq1594, sp|P64539|YEIS_SHIFL
seq1595, sp|P76440|PRET_ECOLI
seq1596, sp|P25889|PREA_ECOLI
seq1597, sp|Q3Z057|MGLA_SHISS
seq1598, sp|P0AEE7|DGAL_SHIFL
seq1599, sp|P25748|GALS_ECOLI
seq1600, sp|Q3Z053|GCH1_SHISS
seq1601, sp|P17315|CIRA_ECOLI
seq1602, sp|P0ACR4|YEIE_ECOLI
seq1603, sp|Q32EQ7|END4_SHIDS
seq1604, sp|P33020|YEII_ECOLI
seq1605, sp|P33022|RIHB_ECOLI
seq1606, sp|P0A9E9|YEIL_ECOLI
seq1607, sp|P33025|PSUG_ECOLI
seq1608, sp|P30235|PSUK_ECOLI
seq1609, sp|P20966|PTFBC_ECOLI
seq1610, sp|P0AEX2|K1PF_SHIFL
seq1611, sp|P69811|PTFAH_ECOLI
seq1612, sp|P0AFT8|YEIW_ECOLI
seq1613, sp|Q3Z035|EFPL_SHISS
seq1614, sp|P33029|YEIQ_ECOLI
seq1615, sp|P33030|YEIR_ECOLI
seq1616, sp|P76445|LPXT_ECOLI
seq1617, sp|P0AFV7|MEPS_SHIFL
seq1618, sp|P76446|PDEN_ECOLI
seq1619, sp|P33913|YEJA_ECOLI
seq1620, sp|P0AD23|YEJG_SHIFL
seq1621, sp|P0AA46|RSUA_SHIFL
seq1622, sp|P33919|RADD_ECOLI
seq1623, sp|Q3Z022|RL25_SHISS
seq1624, sp|P33920|NDPA_ECOLI
seq1625, sp|Q3Z020|YEJL_SHISS
seq1626, sp|P0AD27|YEJM_ECOLI
seq1627, sp|P33924|YEJO_ECOLI
seq1628, sp|P31802|NARP_ECOLI
seq1629, sp|P0ABN0|CCMH_SHIFL
seq1630, sp|P0AA88|DSBE_SHIFL
seq1631, sp|P69493|CCME_SHIFL
seq1632, sp|P0ABM8|CCMD_SHIFL
seq1633, sp|P0ABL8|CCMB_ECOLI
seq1634, sp|Q31Z24|CCMA_SHIBS
seq1635, sp|P0ABL5|NAPC_ECOLI
seq1636, sp|P33934|NAPH_ECOLI
seq1637, sp|P0AAL5|NAPG_SHIFL
seq1638, sp|P0A9I7|NAPD_SHIFL
seq1639, sp|P0AAL0|NAPF_ECOLI
seq1640, sp|P23827|ECOT_ECOLI
seq1641, sp|P33940|MQO_ECOLI
seq1642, sp|P33941|YOJI_ECOLI
seq1643, sp|P05050|ALKB_ECOLI
seq1644, sp|P06134|ADA_ECOLI
seq1645, sp|P0AB85|APBE_ECOLI
seq1646, sp|P06996|OMPC_ECOLI
seq1647, sp|P39838|RCSD_ECOLI
seq1648, sp|P69410|RCSB_SHIFL
seq1649, sp|Q06067|ATOS_ECOLI
seq1650, sp|Q06065|ATOC_ECOLI
seq1651, sp|P76458|ATOD_ECOLI
seq1652, sp|P76459|ATOA_ECOLI
seq1653, sp|P76461|ATOB_ECOLI
seq1654, sp|P76462|YFAP_ECOLI
seq1655, sp|P76463|YFAQ_ECOLI
seq1656, sp|Q8XE35|A2MGH_ECO57
seq1657, sp|P76464|A2MGH_ECOLI
seq1658, sp|P76466|YFAT_ECOLI
seq1659, sp|P17994|YFAA_ECOLI
seq1660, sp|P0AES5|GYRA_SHIFL
seq1661, sp|Q32DV8|UBIG_SHIDS
seq1662, sp|P45508|YFAL_ECOLI
seq1663, sp|P00452|RIR1_ECOLI
seq1664, sp|P69924|RIR2_ECOLI
seq1665, sp|P0ABW3|YFAE_ECOLI
seq1666, sp|P27294|INAA_ECOLI
seq1667, sp|P45505|YFAH_ECOLI
seq1668, sp|P09394|GLPQ_ECOLI
seq1669, sp|P0A9C2|GLPA_SHIFL
seq1670, sp|P13033|GLPB_ECOLI
seq1671, sp|P0A996|GLPC_ECOLI
seq1672, sp|P37014|RPNE_ECOLI
seq1673, sp|P76469|RHMA_ECOLI
seq1674, sp|B1IXU0|RHMD_ECOLC
seq1675, sp|P77732|RHMR_ECOLI
seq1676, sp|P77808|CINAL_ECOLI
seq1677, sp|P76471|YFAZ_ECOLI
seq1678, sp|P52006|NUDI_ECOLI
seq1679, sp|P45565|AIS_ECOLI
seq1680, sp|P77690|ARNB_ECOLI
seq1681, sp|Q3YZV2|ARNC_SHISS
seq1682, sp|P77398|ARNA_ECOLI
seq1683, sp|Q3YZV0|ARND_SHISS
seq1684, sp|P0CB31|ARNE_SHISS
seq1685, sp|Q3YZU8|ARNF_SHISS
seq1686, sp|P37590|PMRD_ECOLI
seq1687, sp|P37353|MENE_ECOLI
seq1688, sp|Q32DS7|MENC_SHIDS
seq1689, sp|P0ABU0|MENB_ECOLI
seq1690, sp|P17109|MEND_ECOLI
seq1691, sp|P38051|MENF_ECOLI
seq1692, sp|P0AEH5|ELAB_ECOLI
seq1693, sp|P0AEH4|ELAA_SHIFL
seq1694, sp|P0A8V1|RBN_SHIFL
seq1695, sp|Q47013|ELAD_ECOLI
seq1696, sp|P76481|YFBK_ECOLI
seq1697, sp|P76484|YFBN_ECOLI
seq1698, sp|P76485|YFBO_ECOLI
seq1699, sp|P76486|YFBP_ECOLI
seq1700, sp|P0AFE3|NUOJ_SHIFL
seq1701, sp|P0AFD9|NUOI_SHIFL
seq1702, sp|P33602|NUOG_ECOLI
seq1703, sp|P31979|NUOF_ECOLI
seq1704, sp|P0AFD3|NUOE_SHIFL
seq1705, sp|B1X8Z8|NUOCD_ECODH
seq1706, sp|Q3YZS3|NUOB_SHISS
seq1707, sp|Q3YZS2|NUOA_SHISS
seq1708, sp|P36771|LRHA_ECOLI
seq1709, sp|P0A961|ALAA_SHIFL
seq1710, sp|P76491|5DNU_ECOLI
seq1711, sp|P77625|HXPA_ECOLI
seq1712, sp|B2TW75|YFBU_SHIB3
seq1713, sp|Q3YZR6|YFBV_SHISS
seq1714, sp|P0A6A3|ACKA_ECOLI
seq1715, sp|P0A9M9|PTA_SHIFL
seq1716, sp|P65556|YFCD_ECOLI
seq1717, sp|P0AC22|FOLX_SHIFL
seq1718, sp|P77775|YFCH_ECOLI
seq1719, sp|P77768|RPNB_ECOLI
seq1720, sp|P07109|HISP_ECOLI
seq1721, sp|P52094|HISQ_ECOLI
seq1722, sp|P0AG03|UBIX_ECOLI
seq1723, sp|P0AG17|PUR1_SHIFL
seq1724, sp|P08192|FOLC_ECOLI
seq1725, sp|Q1R996|ACCD_ECOUT
seq1726, sp|P07649|TRUA_ECOLI
seq1727, sp|P08390|USG_ECOLI
seq1728, sp|P05459|PDXB_ECOLI
seq1729, sp|P15286|FLK_ECOLI
seq1730, sp|P0A953|FABB_ECOLI
seq1731, sp|P77182|MNMC_ECOLI
seq1732, sp|P76938|EPMC_ECOLI
seq1733, sp|P0C0T6|MEPA_SHIFL
seq1734, sp|P12008|AROC_ECOLI
seq1735, sp|P39199|PRMB_ECOLI
seq1736, sp|P0A8B4|YFCN_SHIFL
seq1737, sp|P76498|YFCO_ECOLI
seq1738, sp|P76500|YFCQ_ECOLI
seq1739, sp|P76501|YFCR_ECOLI
seq1740, sp|P77599|YFCS_ECOLI
seq1741, sp|P77196|YFCU_ECOLI
seq1742, sp|P77196|YFCU_ECOLI
seq1743, sp|P77288|YFCV_ECOLI
seq1744, sp|P76502|SIXA_ECOLI
seq1745, sp|P77399|FADJ_ECOLI
seq1746, sp|P76503|FADI_ECOLI
seq1747, sp|P0AD33|YFCZ_ECOLI
seq1748, sp|P10384|FADL_ECOLI
seq1749, sp|P76505|YFDF_ECOLI
seq1750, sp|P76506|MLAA_ECOLI
seq1751, sp|P37327|YFDC_ECOLI
seq1752, sp|P37326|INTS_ECOLI
seq1753, sp|P77326|TFAS_ECOLI
seq1754, sp|P77656|YFDK_ECOLI
seq1755, sp|P76508|YFDL_ECOLI
seq1756, sp|P76509|YFDM_ECOLI
seq1757, sp|P76510|YFDN_ECOLI
seq1758, sp|P0AD35|YFDO_ECOLI
seq1759, sp|P76512|YFDP_ECOLI
seq1760, sp|P76513|YFDQ_ECOLI
seq1761, sp|P76514|YFDR_ECOLI
seq1762, sp|P76515|YFDS_ECOLI
seq1763, sp|P46068|DSDC_ECOLI
seq1764, sp|P08555|DSDX_ECOLI
seq1765, sp|B6I6R7|SDHD_ECOSE
seq1766, sp|P52599|EMRK_ECOLI
seq1767, sp|P0ACZ7|EVGA_SHIFL
seq1768, sp|P76518|ACOCT_ECOLI
seq1769, sp|P0AFI0|OXC_ECOLI
seq1770, sp|P69903|FCTA_SHIFL
seq1771, sp|P76520|YFDX_ECOLI
seq1772, sp|O32528|YPDI_ECOLI
seq1773, sp|P76521|YFDY_ECOLI
seq1774, sp|P0ACV3|LPXP_SHIFL
seq1775, sp|P77434|ALAC_ECOLI
seq1776, sp|P0AE41|YPDB_SHIFL
seq1777, sp|P77396|YPDC_ECOLI
seq1778, sp|P77439|PTFX1_ECOLI
seq1779, sp|P77585|YPDE_ECOLI
seq1780, sp|P76524|YPDF_ECOLI
seq1781, sp|P69808|PTFB1_ECOLI
seq1782, sp|B6I6T9|GLK_ECOSE
seq1783, sp|P64544|YPEC_SHIFL
seq1784, sp|P0AD39|YFEC_SHIFL
seq1785, sp|P27238|YFED_ECOLI
seq1786, sp|B6I6U7|SYE_ECOSE
seq1787, sp|P23841|XAPR_ECOLI
seq1788, sp|P45563|XAPA_ECOLI
seq1789, sp|P45564|YFEN_ECOLI
seq1790, sp|P0ACR8|YFER_SHIFL
seq1791, sp|P15042|DNLJ_ECOLI
seq1792, sp|P77173|ZIPA_ECOLI
seq1793, sp|Q3YZC9|CYSZ_SHISS
seq1794, sp|P0ABK5|CYSK_ECOLI
seq1795, sp|P0AA09|PTHP_SHIFL
seq1796, sp|P08839|PT1_ECOLI
seq1797, sp|P69785|PTGA_SHIFL
seq1798, sp|P40191|PDXK_ECOLI
seq1799, sp|Q47702|YFEK_ECOLI
seq1800, sp|P78271|YFES_ECOLI
seq1801, sp|P16703|CYSM_ECOLI
seq1802, sp|P16676|CYSA_ECOLI
seq1803, sp|P0AEB0|CYSW_ECOLI
seq1804, sp|P16701|CYST_ECOLI
seq1805, sp|P16700|CYSP_ECOLI
seq1806, sp|P37440|UCPA_ECOLI
seq1807, sp|P77245|MURR_ECOLI
seq1808, sp|P76535|MURQ_ECOLI
seq1809, sp|P76536|YFEX_ECOLI
seq1810, sp|P76537|YFEY_ECOLI
seq1811, sp|P76538|YFEZ_ECOLI
seq1812, sp|P76539|YPEA_ECOLI
seq1813, sp|P36548|AMIA_ECOLI
seq1814, sp|P36553|HEM6_ECOLI
seq1815, sp|P36547|EUTR_ECOLI
seq1816, sp|P76540|EUTK_ECOLI
seq1817, sp|P76541|EUTL_ECOLI
seq1818, sp|Q1R8T1|EUTC_ECOUT
seq1819, sp|P0AEJ6|EUTB_ECOLI
seq1820, sp|P76551|EUTA_ECOLI
seq1821, sp|P76553|EUTG_ECOLI
seq1822, sp|P77277|EUTJ_ECOLI
seq1823, sp|P77445|EUTE_ECOLI
seq1824, sp|P0AEJ8|EUTN_ECOLI
seq1825, sp|P0ABF4|EUTM_ECOLI
seq1826, sp|P77218|EUTD_ECOLI
seq1827, sp|P65643|EUTT_ECOLI
seq1828, sp|P76555|EUTQ_ECOLI
seq1829, sp|P76556|EUTP_ECOLI
seq1830, sp|P63748|EUTS_SHIFL
seq1831, sp|P76558|MAO2_ECOLI
seq1832, sp|P0A867|TALA_ECOLI
seq1833, sp|P33570|TKT2_ECOLI
seq1834, sp|P76559|YPFG_ECOLI
seq1835, sp|P37128|NUDK_ECOLI
seq1836, sp|P37127|AEGA_ECOLI
seq1837, sp|P27896|NARQ_ECOLI
seq1838, sp|P24178|YFFB_ECOLI
seq1839, sp|P0AED8|DAPE_SHIFL
seq1840, sp|Q3YZ80|YPFN_SHISS
seq1841, sp|P76561|YPFH_ECOLI
seq1842, sp|P76562|TMCA_ECOLI
seq1843, sp|P0A7E0|PUR7_SHIFL
seq1844, sp|P0A904|BAMC_SHIFL
seq1845, sp|P0A9I4|GCVR_SHIFL
seq1846, sp|P23481|HYFA_ECOLI
seq1847, sp|P77423|HYFH_ECOLI
seq1848, sp|P77453|HYFJ_ECOLI
seq1849, sp|P71229|HYFR_ECOLI
seq1850, sp|P77733|FOCB_ECOLI
seq1851, sp|P0AFI9|PERM_ECOLI
seq1852, sp|P66949|BEPA_SHIFL
seq1853, sp|P76569|YFGD_ECOLI
seq1854, sp|P0A8F3|UPP_SHIFL
seq1855, sp|P08178|PUR5_ECOLI
seq1856, sp|P08179|PUR3_ECOLI
seq1857, sp|P0A7B1|PPK1_ECOLI
seq1858, sp|P0AFL6|PPX_ECOLI
seq1859, sp|P65290|YFGH_ECOLI
seq1860, sp|P76573|YFGI_ECOLI
seq1861, sp|P0ADG9|IMDH_SHIFL
seq1862, sp|B6I583|DER_ECOSE
seq1863, sp|P76576|YFGM_ECOLI
seq1864, sp|Q1R8L9|SYH_ECOUT
seq1865, sp|Q3YZ35|RLMN_SHISS
seq1866, sp|Q3YZ34|NDK_SHISS
seq1867, sp|P76577|PBPC_ECOLI
seq1868, sp|P0AFZ2|SSEB_SHIFL
seq1869, sp|P0A9R6|FER_SHIFL
seq1870, sp|Q3YZ26|HSCA_SHISS
seq1871, sp|Q3YZ24|ISCA_SHISS
seq1872, sp|P0ACD7|ISCU_SHIFL
seq1873, sp|P0A6C0|ISCS_SHIFL
seq1874, sp|P0AGL1|ISCR_SHIFL
seq1875, sp|P0AE03|TRMJ_SHIFL
seq1876, sp|P0ADG4|SUHB_ECOLI
seq1877, sp|P77538|YFHR_ECOLI
seq1878, sp|P54901|CSIE_ECOLI
seq1879, sp|Q47141|HCAR_ECOLI
seq1880, sp|Q3YZ15|HCAE_SHISS
seq1881, sp|B6I5B2|HCAF_ECOSE
seq1882, sp|Q3YZ13|HCAC_SHISS
seq1883, sp|P0CI31|HCAB_ECOLI
seq1884, sp|B6I5B5|HCAD_ECOSE
seq1885, sp|P76584|YPHB_ECOLI
seq1886, sp|P77360|YPHC_ECOLI
seq1887, sp|P77315|YPHD_ECOLI
seq1888, sp|P77509|YPHE_ECOLI
seq1889, sp|P77269|YPHF_ECOLI
seq1890, sp|P76585|YPHG_ECOLI
seq1891, sp|P76586|YPHH_ECOLI
seq1892, sp|P24232|HMP_ECOLI
seq1893, sp|P0A9Z6|GLNB_SHIFL
seq1894, sp|P0AFU5|QSEF_ECO57
seq1895, sp|P0AD46|YFHG_SHIFL
seq1896, sp|P52101|GLRK_ECOLI
seq1897, sp|P0AGC6|MLTF_SHIFL
seq1898, sp|P68397|TADA_SHIFL
seq1899, sp|P0AD43|PGPC_SHIFL
seq1900, sp|P37767|YFHH_ECOLI
seq1901, sp|P52102|YFHL_ECOLI
seq1902, sp|P24224|ACPS_ECOLI
seq1903, sp|P06616|ERA_ECOLI
seq1904, sp|Q3YYU9|RNC_SHISS
seq1905, sp|P00803|LEP_ECOLI
seq1906, sp|P60788|LEPA_SHIFL
seq1907, sp|P46187|RSEC_ECOLI
seq1908, sp|P0AFY1|RSEB_SHIFL
seq1909, sp|P0AFX7|RSEA_ECOLI
seq1910, sp|P0AGB9|RPOE_SHIFL
seq1911, sp|P10902|NADB_ECOLI
seq1912, sp|B1LP88|TRMN6_ECOSM
seq1913, sp|P21507|SRMB_ECOLI
seq1914, sp|P33634|YFIE_ECOLI
seq1915, sp|Q3YYT5|UNG_SHISS
seq1916, sp|P0AGJ5|YFIF_ECOLI
seq1917, sp|P0AGG7|THIO2_SHIFL
seq1918, sp|Q47319|TAPT_ECOLI
seq1919, sp|P76594|LYSAC_ECOLI
seq1920, sp|P23830|PSS_ECOLI
seq1921, sp|P46126|YFIM_ECOLI
seq1922, sp|P63284|CLPB_ECOLI
seq1923, sp|P33644|PURNU_ECOLI
seq1924, sp|P33643|RLUD_ECOLI
seq1925, sp|P0AC02|BAMD_ECOLI
seq1926, sp|P0AD52|YFIA_SHIFL
seq1927, sp|P0A9K0|CMPDT_SHIFL
seq1928, sp|P07023|TYRA_ECOLI
seq1929, sp|P00888|AROF_ECOLI
seq1930, sp|P11289|YFIL_ECOLI
seq1931, sp|P64548|YFIR_ECOLI
seq1932, sp|P07021|YFIB_ECOLI
seq1933, sp|Q3YYN2|RL19_SHISS
seq1934, sp|Q3YYN1|TRMD_SHISS
seq1935, sp|Q3YYN0|RIMM_SHISS
seq1936, sp|Q3YYM9|RS16_SHISS
seq1937, sp|P0AGD7|SRP54_ECOLI
seq1938, sp|P37908|YFJD_ECOLI
seq1939, sp|Q3YYM4|NADK_SHISS
seq1940, sp|P05824|RECN_ECOLI
seq1941, sp|P0A939|BAME_SHIFL
seq1942, sp|B2TYP0|RNFH_SHIB3
seq1943, sp|P0AGL6|RATA_SHIFL
seq1944, sp|Q3YYQ2|SSRP_SHISS
seq1945, sp|P32053|INTA_ECOLI
seq1946, sp|P52123|YFJH_ECOLI
seq1947, sp|P33997|ALPA_ECOLI
seq1948, sp|P52124|YFJI_ECOLI
seq1949, sp|P52126|YFJK_ECOLI
seq1950, sp|P52127|YFJL_ECOLI
seq1951, sp|P52129|RNLA_ECOLI
seq1952, sp|P52130|RNLB_ECOLI
seq1953, sp|P52131|YFJP_ECOLI
seq1954, sp|P52132|YFJQ_ECOLI
seq1955, sp|P52133|YFJR_ECOLI
seq1956, sp|P52135|YFJT_ECOLI
seq1957, sp|P52139|YFJX_ECOLI
seq1958, sp|P52140|YFJY_ECOLI
seq1959, sp|P52141|YFJZ_ECOLI
seq1960, sp|Q46953|YPJF_ECOLI
seq1961, sp|P76613|YPJC_ECOLI
seq1962, sp|P76616|YGAQ_ECOLI
seq1963, sp|P76616|YGAQ_ECOLI
seq1964, sp|P76616|YGAQ_ECOLI
seq1965, sp|P76621|GLAH_ECOLI
seq1966, sp|P37339|LHGD_ECOLI
seq1967, sp|P25526|GABD_ECOLI
seq1968, sp|P22256|GABT_ECOLI
seq1969, sp|P37338|GLAR_ECOLI
seq1970, sp|P0ADE6|KBP_ECOLI
seq1971, sp|P55734|YGAP_ECOLI
seq1972, sp|P0ACG3|STPA_SHIFL
seq1973, sp|P64553|ALAE_SHIFL
seq1974, sp|P0AD56|YGAC_SHIFL
seq1975, sp|P0ADQ7|YGAM_ECOLI
seq1976, sp|P0AC68|NRDH_SHIFL
seq1977, sp|P0A775|NRDI_SHIFL
seq1978, sp|P39452|RIR3_ECOLI
seq1979, sp|P37146|RIR4_ECOLI
seq1980, sp|P14175|PROV_ECOLI
seq1981, sp|P14176|PROW_ECOLI
seq1982, sp|P0AFM2|PROX_ECOLI
seq1983, sp|P76628|YGAY_ECOLI
seq1984, sp|P0ACR9|MPRA_ECOLI
seq1985, sp|P27303|EMRA_ECOLI
seq1986, sp|Q3YYH1|LUXS_SHISS
seq1987, sp|Q32CN5|GSH1_SHIDS
seq1988, sp|P0ADR1|YQAA_SHIFL
seq1989, sp|P77475|YQAB_ECOLI
seq1990, sp|P00957|SYA_ECOLI
seq1991, sp|P33596|RECX_ECOLI
seq1992, sp|Q3YYG4|RECA_SHISS
seq1993, sp|P0A6G3|PNCC_ECOLI
seq1994, sp|P41052|MLTB_ECOLI
seq1995, sp|P56579|PTHC_ECOLI
seq1996, sp|P56580|PTHB_ECOLI
seq1997, sp|P05706|PTHA_ECOLI
seq1998, sp|P05707|SRLD_ECOLI
seq1999, sp|P15081|GUTM_ECOLI
seq2000, sp|P15082|SRLR_ECOLI
seq2001, sp|P17115|GUTQ_ECOLI
seq2002, sp|P37013|NORR_ECOLI
seq2003, sp|Q46877|NORV_ECOLI
seq2004, sp|P37596|NORW_ECOLI
seq2005, sp|P30131|HYPF_ECOLI
seq2006, sp|P0AAK4|HYDN_ECOLI
seq2007, sp|P24242|ASCG_ECOLI
seq2008, sp|P24241|PTIBC_ECOLI
seq2009, sp|P24240|ASCB_ECOLI
seq2010, sp|P0AEV9|HYCI_ECOLI
seq2011, sp|P0AEV7|HYCH_ECOLI
seq2012, sp|P16433|HYCG_ECOLI
seq2013, sp|P16432|HYCF_ECOLI
seq2014, sp|P16431|HYCE_ECOLI
seq2015, sp|P0AEV6|HYCA_SHIFL
seq2016, sp|P0A702|HYPA_SHIFL
seq2017, sp|P0AAN3|HYPB_ECOLI
seq2018, sp|P24192|HYPD_ECOLI
seq2019, sp|P24193|HYPE_ECOLI
seq2020, sp|P19323|FHLA_ECOLI
seq2021, sp|P25728|YGBA_ECOLI
seq2022, sp|P23909|MUTS_ECOLI
seq2023, sp|P55799|PRP2_ECOLI
seq2024, sp|P52598|YGBI_ECOLI
seq2025, sp|Q46888|LTND_ECOLI
seq2026, sp|Q46889|OTNK_ECOLI
seq2027, sp|Q46890|OTNC_ECOLI
seq2028, sp|Q46891|OTNI_ECOLI
seq2029, sp|P0DM81|RPOS_SALTY
seq2030, sp|P0ADA4|NLPD_SHIFL
seq2031, sp|Q0T1H4|PIMT_SHIF8
seq2032, sp|Q3YYB8|SURE_SHISS
seq2033, sp|Q57261|TRUD_ECOLI
seq2034, sp|Q3YYB6|ISPF_SHISS
seq2035, sp|Q3YYB5|ISPD_SHISS
seq2036, sp|Q3YYB4|FTSB_SHISS
seq2037, sp|Q3YYB2|CYSC_SHISS
seq2038, sp|Q3YYB1|CYSN_SHISS
seq2039, sp|Q3YYB0|CYSD_SHISS
seq2040, sp|P10423|IAP_ECOLI
seq2041, sp|Q46897|CAS6_ECOLI
seq2042, sp|Q46898|CAS5_ECOLI
seq2043, sp|Q46899|CASC_ECOLI
seq2044, sp|P76632|CSE2_ECOLI
seq2045, sp|Q46901|CSE1_ECOLI
seq2046, sp|B7LWP0|CYSH_ESCF3
seq2047, sp|P17846|CYSI_ECOLI
seq2048, sp|P38038|CYSJ_ECOLI
seq2049, sp|P65872|QUED_SHIFL
seq2050, sp|Q46904|YGCN_ECOLI
seq2051, sp|Q46906|YGCP_ECOLI
seq2052, sp|Q46907|YGCQ_ECOLI
seq2053, sp|Q46908|YGCR_ECOLI
seq2054, sp|Q46911|YGCU_ECOLI
seq2055, sp|P55138|YGCE_ECOLI
seq2056, sp|P64556|QUEE_SHIFL
seq2057, sp|P0A6Q2|ENO_SHIFL
seq2058, sp|Q3YY76|PYRG_SHISS
seq2059, sp|P0AEY3|MAZG_ECOLI
seq2060, sp|P0AG23|RELA_SHIFL
seq2061, sp|P0AEC5|BARA_ECOLI
seq2062, sp|P0AES2|GUDD_ECOLI
seq2063, sp|Q46915|GUDX_ECOLI
seq2064, sp|P65369|YQCA_SHIFL
seq2065, sp|P0AA42|TRUC_SHIFL
seq2066, sp|Q46919|YQCC_ECOLI
seq2067, sp|Q3YY63|SYDP_SHISS
seq2068, sp|Q46920|QUEF_ECOLI
seq2069, sp|P0ADS1|PPNN_SHIFL
seq2070, sp|P30744|SDHM_ECOLI
seq2071, sp|Q3YY58|XNI_SHISS
seq2072, sp|P0A9S1|FUCO_ECOLI
seq2073, sp|P0AB88|FUCA_SHIFL
seq2074, sp|P69923|FUCI_SHIFL
seq2075, sp|Q8X6R3|FUCK_ECO57
seq2076, sp|Q3YY53|FUCM_SHISS
seq2077, sp|P0ACK9|FUCR_SHIFL
seq2078, sp|B1LR00|RLMM_ECOSM
seq2079, sp|P0A9F6|GCVA_ECOLI
seq2080, sp|P65292|YGDI_ECOLI
seq2081, sp|Q46925|CSDA_ECOLI
seq2082, sp|P0AGF2|CSDE_ECOLI
seq2083, sp|Q46927|TCDA_ECOLI
seq2084, sp|P0A935|MLTA_ECOLI
seq2085, sp|P63883|AMIC_ECOLI
seq2086, sp|P0A6C5|ARGA_ECOLI
seq2087, sp|P04993|RECD_ECOLI
seq2088, sp|P05458|PTRA_ECOLI
seq2089, sp|P07648|RECC_ECOLI
seq2090, sp|P08372|PPDC_ECOLI
seq2091, sp|P08370|YGDB_ECOLI
seq2092, sp|P08371|PPDB_ECOLI
seq2093, sp|P33554|PPDA_ECOLI
seq2094, sp|Q3YY33|TYSY_SHISS
seq2095, sp|Q3YY32|LGT_SHISS
seq2096, sp|P37177|PT1P_ECOLI
seq2097, sp|P0A779|RPPH_SHIFL
seq2098, sp|P06722|MUTH_ECOLI
seq2099, sp|P67127|YGDQ_ECOLI
seq2100, sp|P0A9T5|TAS_SHIFL
seq2101, sp|P31119|AAS_ECOLI
seq2102, sp|P03024|GALR_ECOLI
seq2103, sp|E0IWI3|DCDA_ECOLW
seq2104, sp|P03030|LYSR_ECOLI
seq2105, sp|P03813|YGEA_ECOLI
seq2106, sp|P37769|KDUD_ECOLI
seq2107, sp|Q46938|KDUI_ECOLI
seq2108, sp|Q46939|YQEF_ECOLI
seq2109, sp|Q46941|YQEH_ECOLI
seq2110, sp|Q46942|YQEI_ECOLI
seq2111, sp|P77136|YQEK_ECOLI
seq2112, sp|Q46786|YGEF_ECOLI
seq2113, sp|Q46787|YGEG_ECOLI
seq2114, sp|P76639|YGEH_ECOLI
seq2115, sp|Q46790|PBL_ECOLI
seq2116, sp|Q46791|YGEK_ECOLI
seq2117, sp|Q46793|YGEN_ECOLI
seq2118, sp|Q46793|YGEN_ECOLI
seq2119, sp|Q46795|YGEO_ECOLI
seq2120, sp|Q46796|YGEP_ECOLI
seq2121, sp|Q46797|YGEQ_ECOLI
seq2122, sp|Q46798|YGER_ECOLI
seq2123, sp|Q46799|XDHA_ECOLI
seq2124, sp|Q46800|XDHB_ECOLI
seq2125, sp|Q46801|XDHC_ECOLI
seq2126, sp|Q46802|UACR_ECOLI
seq2127, sp|Q46803|YGEW_ECOLI
seq2128, sp|P66899|DPAL_ECOLI
seq2129, sp|P65807|YGEY_ECOLI
seq2130, sp|Q46806|PHYDA_ECOLI
seq2131, sp|Q46807|ARCL_ECOLI
seq2132, sp|Q46808|YQEB_ECOLI
seq2133, sp|Q46809|YQEC_ECOLI
seq2134, sp|Q46810|MOCA_ECOLI
seq2135, sp|Q46812|SSNA_ECOLI
seq2136, sp|P64557|YGFM_ECOLI
seq2137, sp|Q46814|XDHD_ECOLI
seq2138, sp|P76641|GUAD_ECOLI
seq2139, sp|Q46819|YGFS_ECOLI
seq2140, sp|Q46820|UACF_ECOLI
seq2141, sp|Q46822|IDI_ECOLI
seq2142, sp|P0AEG6|DSBC_ECOLI
seq2143, sp|P0A8P8|XERD_ECOLI
seq2144, sp|P0ABY4|FLAW_ECOLI
seq2145, sp|Q46824|YGFX_ECOLI
seq2146, sp|P64559|SDHE_ECOLI
seq2147, sp|P0ADE9|YGFZ_SHIFL
seq2148, sp|Q32BW4|AC4CH_SHIDS
seq2149, sp|Q46829|BGLA_ECOLI
seq2150, sp|P52037|YGFF_ECOLI
seq2151, sp|P33195|GCSP_ECOLI
seq2152, sp|Q31WG6|GCST_SHIBS
seq2153, sp|P25535|UBII_ECOLI
seq2154, sp|P25534|UBIH_ECOLI
seq2155, sp|P15034|AMPP_ECOLI
seq2156, sp|P0A8C7|YGFB_SHIFL
seq2157, sp|Q3YXW0|ZAPA_SHISS
seq2158, sp|P0AC28|5FCL_ECOLI
seq2159, sp|P0A9T3|SERA_SHIFL
seq2160, sp|Q3YXV7|RPIA_SHISS
seq2161, sp|Q3YXV6|ARGP_SHISS
seq2162, sp|P27253|SCPA_ECOLI
seq2163, sp|P27254|ARGK_ECOLI
seq2164, sp|P52045|SCPB_ECOLI
seq2165, sp|P52043|SCPC_ECOLI
seq2166, sp|P52044|YGFI_ECOLI
seq2167, sp|P0ADS8|YGGE_SHIFL
seq2168, sp|P11667|ARGO_ECOLI
seq2169, sp|P0C0S3|MSCS_SHIFL
seq2170, sp|P0AB73|ALF_SHIFL
seq2171, sp|P0A7A1|PGK_SHIFL
seq2172, sp|Q3YXU5|E4PD_SHISS
seq2173, sp|P11664|YGGC_ECOLI
seq2174, sp|P11663|FUME_ECOLI
seq2175, sp|P52048|YGGP_ECOLI
seq2176, sp|P69824|PTMA_ECOLI
seq2177, sp|P27302|TKT1_ECOLI
seq2178, sp|P25894|LOIP_ECOLI
seq2179, sp|P60657|SPEB_SHIFL
seq2180, sp|P21170|SPEA_ECOLI
seq2181, sp|Q3YXS9|METK_SHISS
seq2182, sp|Q31WK6|SPRT_SHIBS
seq2183, sp|P25736|END1_ECOLI
seq2184, sp|P0AGL9|RSME_SHIFL
seq2185, sp|P04425|GSHB_ECOLI
seq2186, sp|Q3YXS3|YQGE_SHISS
seq2187, sp|Q1R778|YQGF_ECOUT
seq2188, sp|P52052|YGGR_ECOLI
seq2189, sp|P67080|PLPHP_ECOLI
seq2190, sp|P64564|YGGT_ECOLI
seq2191, sp|P52060|YGGU_ECOLI
seq2192, sp|P52061|IXTPA_ECOLI
seq2193, sp|P52062|HEMW_ECOLI
seq2194, sp|P46142|YGGM_ECOLI
seq2195, sp|P00805|ASPG2_ECOLI
seq2196, sp|P0ADS9|YGGN_ECOLI
seq2197, sp|P38521|YGGL_ECOLI
seq2198, sp|Q3YXE7|TRMB_SHISS
seq2199, sp|P17802|MUTY_ECOLI
seq2200, sp|Q3YXE9|FETP_SHISS
seq2201, sp|Q1R762|MLTC_ECOUT
seq2202, sp|P21169|DCOR_ECOLI
seq2203, sp|Q46832|YGHD_ECOLI
seq2204, sp|Q46834|YGHF_ECOLI
seq2205, sp|Q46835|YGHG_ECOLI
seq2206, sp|P37330|MASZ_ECOLI
seq2207, sp|P0AEQ1|GLCG_ECOLI
seq2208, sp|P52074|GLCF_ECOLI
seq2209, sp|P52073|GLCE_ECOLI
seq2210, sp|P0AEP9|GLCD_ECOLI
seq2211, sp|P0ACL5|GLCC_ECOLI
seq2212, sp|Q46840|YGHO_ECOLI
seq2213, sp|P64572|YGHR_ECOLI
seq2214, sp|Q46843|YGHS_ECOLI
seq2215, sp|Q46844|YGHT_ECOLI
seq2216, sp|P43676|PITB_ECOLI
seq2217, sp|P0AES1|GSP_SHIFL
seq2218, sp|Q46845|YGHU_ECOLI
seq2219, sp|P0A704|HYBF_SHIFL
seq2220, sp|P0AAN1|HYBE_ECOLI
seq2221, sp|P37182|HYBD_ECOLI
seq2222, sp|P0ACE2|MBHM_SHIFL
seq2223, sp|P0AAK0|HYBA_SHIFL
seq2224, sp|Q7DFU6|YGHX_ECOLI
seq2225, sp|Q46851|GPR_ECOLI
seq2226, sp|Q3YXN2|YQHA_SHISS
seq2227, sp|P0AG84|YGHA_ECOLI
seq2228, sp|P0ABV5|EXBD_SHIFL
seq2229, sp|P0ABU7|EXBB_ECOLI
seq2230, sp|P06721|METC_ECOLI
seq2231, sp|P0AA60|YGHB_ECOLI
seq2232, sp|Q46855|YQHC_ECOLI
seq2233, sp|Q46856|YQHD_ECOLI
seq2234, sp|Q46857|DKGA_ECOLI
seq2235, sp|Q46858|YQHG_ECOLI
seq2236, sp|P65299|YQHH_SHIFL
seq2237, sp|Q46861|YGIQ_ECOLI
seq2238, sp|P26648|FTSP_ECOLI
seq2239, sp|P26647|PLSC_ECOLI
seq2240, sp|P0AFI4|PARC_SHIFL
seq2241, sp|Q46863|YGIS_ECOLI
seq2242, sp|Q46864|MQSA_ECOLI
seq2243, sp|Q46865|MQSR_ECOLI
seq2244, sp|Q46866|YGIV_ECOLI
seq2245, sp|P0ADU5|YGIW_ECOLI
seq2246, sp|P52076|QSEB_ECOLI
seq2247, sp|P40719|QSEC_ECOLI
seq2248, sp|Q46867|YGIZ_ECOLI
seq2249, sp|P0AEY5|MDAB_ECOLI
seq2250, sp|P0ADU4|YGIN_SHIFL
seq2251, sp|P20083|PARE_ECOLI
seq2252, sp|P0A900|YQIA_SHIFL
seq2253, sp|P0AEW4|CPDA_ECOLI
seq2254, sp|P0ADV0|YQIB_SHIFL
seq2255, sp|P83844|ADPP_SHIFL
seq2256, sp|P02930|TOLC_ECOLI
seq2257, sp|P0ADT5|YGIC_ECOLI
seq2258, sp|Q3YXK1|ZUPT_SHISS
seq2259, sp|Q3YXK0|RIBB_SHISS
seq2260, sp|Q46868|UBIK_ECOLI
seq2261, sp|P39834|YGIL_ECOLI
seq2262, sp|P77616|YQIH_ECOLI
seq2263, sp|P76656|YQII_ECOLI
seq2264, sp|Q3YXJ3|GLGS_SHISS
seq2265, sp|P76657|YQIJ_ECOLI
seq2266, sp|P77306|YQIK_ECOLI
seq2267, sp|B1LF43|HLDE_ECOSM
seq2268, sp|P30870|GLNE_ECOLI
seq2269, sp|P30871|3PASE_ECOLI
seq2270, sp|P0ADU1|YGIM_SHIFL
seq2271, sp|B7ND45|CCA_ECOLU
seq2272, sp|P0AC18|FOLB_SHIFL
seq2273, sp|Q3YXI3|PLSY_SHISS
seq2274, sp|P45463|TTDR_ECOLI
seq2275, sp|Q3YXI2|TTDA_SHISS
seq2276, sp|P0AC37|TTDB_SHIFL
seq2277, sp|Q32BQ3|TSAD_SHIDS
seq2278, sp|B1JM17|RS21_YERPY
seq2279, sp|P0ABS7|DNAG_SHIFL
seq2280, sp|P00579|RPOD_ECOLI
seq2281, sp|Q3YXH4|MUG_SHISS
seq2282, sp|Q46871|YQJH_ECOLI
seq2283, sp|P64589|YQJI_SHIFL
seq2284, sp|P50466|AER_ECOLI
seq2285, sp|P42588|PAT_ECOLI
seq2286, sp|P42589|YGJH_ECOLI
seq2287, sp|P06846|EBGR_ECOLI
seq2288, sp|P06864|BGA2_ECOLI
seq2289, sp|P0AC73|EBGC_ECOLI
seq2290, sp|P42591|YGJJ_ECOLI
seq2291, sp|P42592|YGJK_ECOLI
seq2292, sp|P42593|FADH_ECOLI
seq2293, sp|P67703|HIGA_SHIFL
seq2294, sp|P64580|HIGB_SHIFL
seq2295, sp|P42596|RLMG_ECOLI
seq2296, sp|P42597|UTPP_ECOLI
seq2297, sp|P42599|YGJR_ECOLI
seq2298, sp|Q3YXE2|SSTT_SHISS
seq2299, sp|P42604|UXAA_ECOLI
seq2300, sp|Q3YXD9|UXAC_SHISS
seq2301, sp|P0ACL4|EXUR_SHIFL
seq2302, sp|P0AA66|YQJA_SHIFL
seq2303, sp|P42615|MZRA_ECOLI
seq2304, sp|P42616|YQJC_ECOLI
seq2305, sp|Q47710|YQJK_ECOLI
seq2306, sp|P42620|YQJG_ECOLI
seq2307, sp|P64590|YHAH_ECOLI
seq2308, sp|P64592|YHAI_ECOLI
seq2309, sp|P67660|YHAJ_ECOLI
seq2310, sp|P42624|YHAK_ECOLI
seq2311, sp|P42625|YHAL_ECOLI
seq2312, sp|P42626|YHAM_ECOLI
seq2313, sp|P42630|TDCG_ECOLI
seq2314, sp|P42632|TDCE_ECOLI
seq2315, sp|P11868|TDCD_ECOLI
seq2316, sp|P0AGF9|TDCB_SHIFL
seq2317, sp|P0ACQ9|TDCA_SHIFL
seq2318, sp|P11866|TDCR_ECOLI
seq2319, sp|P11865|YHAB_ECOLI
seq2320, sp|P23524|GLXK1_ECOLI
seq2321, sp|P0ABQ2|GARR_ECOLI
seq2322, sp|P39829|GARD_ECOLI
seq2323, sp|P15373|PRLF_ECOLI
seq2324, sp|P0ACK2|AGAR_ECOLI
seq2325, sp|P0C8K1|KBAZ_ECOLX
seq2326, sp|P42904|PTPB2_ECOLI
seq2327, sp|P42905|PTPC2_ECOLI
seq2328, sp|P42906|AGAA_ECOLI
seq2329, sp|P42907|AGAS_ECOLI
seq2330, sp|Q1R6K0|KBAY_ECOUT
seq2331, sp|P42909|PTPB1_ECOLI
seq2332, sp|P42910|PTPC1_ECOLI
seq2333, sp|P42911|PTPD_ECOLI
seq2334, sp|P42912|AGAI_ECOLI
seq2335, sp|P42914|YRAI_ECOLI
seq2336, sp|P42915|YRAJ_ECOLI
seq2337, sp|P43319|YRAK_ECOLI
seq2338, sp|P45464|LPOA_ECOLI
seq2339, sp|P45465|YRAN_ECOLI
seq2340, sp|Q3YX92|DIAA_SHISS
seq2341, sp|P64596|YRAP_ECOLI
seq2342, sp|P45469|YRAR_ECOLI
seq2343, sp|P45470|YHBO_ECOLI
seq2344, sp|P67763|YHBP_SHIFL
seq2345, sp|P45472|YHBQ_ECOLI
seq2346, sp|P63417|YHBS_ECOLI
seq2347, sp|P64599|UBIT_ECOLI
seq2348, sp|P45527|UBIU_ECOLI
seq2349, sp|P45475|UBIV_ECOLI
seq2350, sp|P0ADV5|YHBW_ECOLI
seq2351, sp|P0A9P8|DEAD_SHIFL
seq2352, sp|P0AFB4|NLPI_SHIFL
seq2353, sp|P05055|PNP_ECOLI
seq2354, sp|Q3YX76|RS15_SHISS
seq2355, sp|Q3YX75|TRUB_SHISS
seq2356, sp|Q3YX74|RBFA_SHISS
seq2357, sp|B6I1P3|IF2_ECOSE
seq2358, sp|P0AFF9|NUSA_SHIFL
seq2359, sp|Q0T0B1|RIMP_SHIF8
seq2360, sp|B1LFS3|ASSY_ECOSM
seq2361, sp|P0AG99|SECG_ECOLI
seq2362, sp|B2U201|GLMM_SHIB3
seq2363, sp|P0AC15|DHPS_SHIFL
seq2364, sp|P0AAI4|FTSH_SHIFL
seq2365, sp|Q3YX62|RLME_SHISS
seq2366, sp|P0AGK7|YHBY_SHIFL
seq2367, sp|P0A6W8|GREA_SHIFL
seq2368, sp|P24228|DACB_ECOLI
seq2369, sp|P42641|OBG_ECOLI
seq2370, sp|Q3YX56|RL27_SHISS
seq2371, sp|P0AG50|RL21_SHIFL
seq2372, sp|P0AD58|ISPB_SHIFL
seq2373, sp|Q3YX52|MURA_SHISS
seq2374, sp|P0ADV8|MLAC_SHIFL
seq2375, sp|P64604|MLAD_ECOLI
seq2376, sp|P63386|MLAF_ECOLI
seq2377, sp|P45395|KDSD_ECOLI
seq2378, sp|P0ABZ4|KDSC_ECOLI
seq2379, sp|P0ADW2|LPTC_SHIFL
seq2380, sp|P0ADV4|LPTA_SHIFL
seq2381, sp|P0A9V4|LPTB_SHIFL
seq2382, sp|P24255|RP54_ECOLI
seq2383, sp|P0AFX3|HPF_SHIFL
seq2384, sp|P69815|PTSN_SHIFL
seq2385, sp|Q3YX36|RAPZ_SHISS
seq2386, sp|P0A9N3|PTSO_SHIFL
seq2387, sp|B6I1T1|MTGA_ECOSE
seq2388, sp|P0ABU6|ELBB_SHIFL
seq2389, sp|P0ADW6|YHCC_ECOLI
seq2390, sp|P09832|GLTD_ECOLI
seq2391, sp|P28721|GLTF_ECOLI
seq2392, sp|P28722|YHCA_ECOLI
seq2393, sp|P45421|YHCE_ECOLI
seq2394, sp|P45421|YHCE_ECOLI
seq2395, sp|P45422|YHCF_ECOLI
seq2396, sp|P45423|YHCG_ECOLI
seq2397, sp|P45424|NANQ_ECOLI
seq2398, sp|Q31W92|NANE_SHIBS
seq2399, sp|Q3YX23|NANA_SHISS
seq2400, sp|P0A8W1|NANR_SHIFL
seq2401, sp|P0ACA6|SSPA_SHIFL
seq2402, sp|Q0T058|RS9_SHIF8
seq2403, sp|P0AA15|RL13_SHIFL
seq2404, sp|P64612|ZAPE_ECOLI
seq2405, sp|P0ADW3|YHCB_ECOLI
seq2406, sp|P39099|DEGQ_ECOLI
seq2407, sp|P0AEE3|DEGS_ECOLI
seq2408, sp|Q3YX10|ARGR_SHISS
seq2409, sp|P64616|YHCO_ECOLI
seq2410, sp|Q3YX05|AAEX_SHISS
seq2411, sp|P0AGH0|TLDD_SHIFL
seq2412, sp|P0A9J3|RNG_SHIFL
seq2413, sp|P16926|MREC_ECOLI
seq2414, sp|P0A9X8|MREB_SHIFL
seq2415, sp|P13518|CSRD_ECOLI
seq2416, sp|P26646|ACUI_ECOLI
seq2417, sp|P0ABE1|BCCP_SHIFL
seq2418, sp|P24182|ACCC_ECOLI
seq2419, sp|P45566|YHDT_ECOLI
seq2420, sp|P0A8T4|PRMA_SHIFL
seq2421, sp|P0ABT5|DUSB_ECOLI
seq2422, sp|Q3YWY8|FIS_SHISS
seq2423, sp|P28638|YHDJ_ECOLI
seq2424, sp|P64619|YHDU_ECOLI
seq2425, sp|P0ACT2|ENVR_ECOLI
seq2426, sp|P24180|ACRE_ECOLI
seq2427, sp|P64622|YHDV_ECOLI
seq2428, sp|P45766|YHDW_ECOLI
seq2429, sp|P45769|YHDZ_ECOLI
seq2430, sp|P0A9X0|YRDA_SHIFL
seq2431, sp|P45795|YRDB_ECOLI
seq2432, sp|P15770|AROE_ECOLI
seq2433, sp|P45748|TSAC_ECOLI
seq2434, sp|Q3YWX5|SMG_SHISS
seq2435, sp|Q32B63|DEF_SHIDS
seq2436, sp|P23882|FMT_ECOLI
seq2437, sp|P36929|RSMB_ECOLI
seq2438, sp|P0AGJ1|TRKA_SHIFL
seq2439, sp|B7LRQ7|MSCL_ESCF3
seq2440, sp|P36675|ARFA_ECOLI
seq2441, sp|P0ACS5|ZNTR_ECOLI
seq2442, sp|Q3YWW5|RL17_SHISS
seq2443, sp|Q3YWW2|RS11_SHISS
seq2444, sp|Q3YWW1|RS13_SHISS
seq2445, sp|P02413|RL15_ECOLI
seq2446, sp|Q3YWV7|RL30_SHISS
seq2447, sp|Q3YWV3|RS8_SHISS
seq2448, sp|Q3YWV2|RS14_SHISS
seq2449, sp|Q3YWV0|RL24_SHISS
seq2450, sp|Q3YWU9|RL14_SHISS
seq2451, sp|Q3YWU8|RS17_SHISS
seq2452, sp|Q3YWU6|RL16_SHISS
seq2453, sp|Q3YWU5|RS3_SHISS
seq2454, sp|Q3YWU4|RL22_SHISS
seq2455, sp|Q3YWU3|RS19_SHISS
seq2456, sp|Q3YWU2|RL2_SHISS
seq2457, sp|Q3YWU1|RL23_SHISS
seq2458, sp|P45756|GSPA_ECOLI
seq2459, sp|P45757|GSPC_ECOLI
seq2460, sp|P45758|GSPD_ECOLI
seq2461, sp|P45759|GSPE_ECOLI
seq2462, sp|P41441|GSPF_ECOLI
seq2463, sp|P41442|GSPG_ECOLI
seq2464, sp|P41443|GSPH_ECOLI
seq2465, sp|P45760|GSPI_ECOLI
seq2466, sp|P45762|GSPK_ECOLI
seq2467, sp|P45763|GSPL_ECOLI
seq2468, sp|P0ABD3|BFR_ECOLI
seq2469, sp|Q83JC4|EFTU_SHIFL
seq2470, sp|Q3YWT2|EFG_SHISS
seq2471, sp|P02359|RS7_ECOLI
seq2472, sp|Q3YWT0|RS12_SHISS
seq2473, sp|P63389|YHES_ECOLI
seq2474, sp|P45524|YHET_ECOLI
seq2475, sp|P0ADX4|YHFA_SHIFL
seq2476, sp|P45537|YHFK_ECOLI
seq2477, sp|P18335|ARGD_ECOLI
seq2478, sp|P20605|FIC_ECOLI
seq2479, sp|P0AFL3|PPIA_ECOLI
seq2480, sp|P08201|NIRB_ECOLI
seq2481, sp|P0A9I8|NIRD_ECOLI
seq2482, sp|B1LHG9|CYSG_ECOSM
seq2483, sp|P0AC01|FRLB_SHIFL
seq2484, sp|P45543|FRLD_ECOLI
seq2485, sp|P45544|FRLR_ECOLI
seq2486, sp|P45545|YHFS_ECOLI
seq2487, sp|P64633|YHFU_SHIFL
seq2488, sp|P45548|PHP_ECOLI
seq2489, sp|P45549|YHFW_ECOLI
seq2490, sp|P45550|YHFX_ECOLI
seq2491, sp|Q3YWN8|GPH_SHISS
seq2492, sp|P07639|AROB_ECOLI
seq2493, sp|P34749|HOFQ_ECOLI
seq2494, sp|P45751|HOFO_ECOLI
seq2495, sp|P64635|HOFN_SHIFL
seq2496, sp|P02918|PBPA_ECOLI
seq2497, sp|P45799|NUDE_ECOLI
seq2498, sp|P45800|IGAA_ECOLI
seq2499, sp|P64637|YRFG_SHIFL
seq2500, sp|P0ACG8|HSLR_ECOLI
seq2501, sp|Q3YWM3|HSLO_SHISS
seq2502, sp|Q3YWM2|PCKA_SHISS
seq2503, sp|A0A4P7TS68|OMPR_SHIFM
seq2504, sp|P30128|GREB_ECOLI
seq2505, sp|P46837|YHGF_ECOLI
seq2506, sp|Q8FCT7|FEOB_ECOL6
seq2507, sp|P31667|RPNA_ECOLI
seq2508, sp|P13001|BIOH_ECOLI
seq2509, sp|P46846|GNTX_ECOLI
seq2510, sp|P39835|GNTT_ECOLI
seq2511, sp|P15977|MALQ_ECOLI
seq2512, sp|P06993|MALT_ECOLI
seq2513, sp|P46849|RTCA_ECOLI
seq2514, sp|P46850|RTCB_ECOLI
seq2515, sp|P38035|RTCR_ECOLI
seq2516, sp|P0ACL1|GLPR_SHIFL
seq2517, sp|P13035|GLPD_ECOLI
seq2518, sp|P76692|YZGL_ECOLI
seq2519, sp|P0AC87|PHSG_SHIFL
seq2520, sp|B1LI90|GLGA_ECOSM
seq2521, sp|Q3YW95|GLGC_SHISS
seq2522, sp|P15067|GLGX_ECOLI
seq2523, sp|Q3YW93|GLGB_SHISS
seq2524, sp|P0A9R1|DHAS_SHIFL
seq2525, sp|P67145|YHGN_SHIFL
seq2526, sp|P46852|YHHW_ECOLI
seq2527, sp|P46853|YHHX_ECOLI
seq2528, sp|P46854|AAAT_ECOLI
seq2529, sp|P46855|YHHZ_ECOLI
seq2530, sp|P46856|YRHA_ECOLI
seq2531, sp|P18956|GGT_ECOLI
seq2532, sp|P0ADX8|YHHA_SHIFL
seq2533, sp|P10908|UGPQ_ECOLI
seq2534, sp|P10907|UGPC_ECOLI
seq2535, sp|P10906|UGPE_ECOLI
seq2536, sp|P0AG80|UGPB_ECOLI
seq2537, sp|P22731|LIVF_ECOLI
seq2538, sp|P0A9S9|LIVG_SHIFL
seq2539, sp|P04816|LIVK_ECOLI
seq2540, sp|P37613|PANZ_ECOLI
seq2541, sp|P0AD96|LIVJ_ECOLI
seq2542, sp|P0AGB3|RPOH_ECOLI
seq2543, sp|P0AC32|FTSX_SHIFL
seq2544, sp|P0A9S0|FTSE_SHIFL
seq2545, sp|P0ADX9|RSMD_ECOLI
seq2546, sp|P37614|YHHL_ECOLI
seq2547, sp|P37615|YHHM_ECOLI
seq2548, sp|P37617|ZNTA_ECOLI
seq2549, sp|Q3YW58|TUSA_SHISS
seq2550, sp|P0AEE2|DCRB_SHIFL
seq2551, sp|P0AGM0|YHHT_ECOLI
seq2552, sp|P37623|ACPT_ECOLI
seq2553, sp|P33593|NIKD_ECOLI
seq2554, sp|P33594|NIKE_ECOLI
seq2555, sp|Q3YW47|NIKR_SHISS
seq2556, sp|P28911|YHHH_ECOLI
seq2557, sp|P28912|YHHI_ECOLI
seq2558, sp|P0AGH2|YHHJ_SHIFL
seq2559, sp|P37624|RBBA_ECOLI
seq2560, sp|P37627|YHIJ_ECOLI
seq2561, sp|P37629|YHIL_ECOLI
seq2562, sp|P37629|YHIL_ECOLI
seq2563, sp|P37631|YHIN_ECOLI
seq2564, sp|Q3YW37|USPB_SHISS
seq2565, sp|P0AED4|USPA_SHISO
seq2566, sp|B1LIG5|RSMJ_ECOSM
seq2567, sp|P27298|OPDA_ECOLI
seq2568, sp|P37634|RLMJ_ECOLI
seq2569, sp|P06715|GSHR_ECOLI
seq2570, sp|P37309|ARSR_ECOLI
seq2571, sp|P0AB97|ARSC_SHIFL
seq2572, sp|P37635|YHIS_ECOLI
seq2573, sp|P37195|DCTR_ECOLI
seq2574, sp|P0AFV2|YHID_ECOLI
seq2575, sp|P0AET4|HDEB_SHIFL
seq2576, sp|P0AET1|HDEA_SHIFL
seq2577, sp|P37636|MDTE_ECOLI
seq2578, sp|P63203|GADW_SHIFL
seq2579, sp|P37639|GADX_ECOLI
seq2580, sp|P69908|DCEA_ECOLI
seq2581, sp|P37197|YHJA_ECOLI
seq2582, sp|B2U4I7|TREF_SHIB3
seq2583, sp|P37640|YHJB_ECOLI
seq2584, sp|P37641|YHJC_ECOLI
seq2585, sp|P37642|YHJD_ECOLI
seq2586, sp|P37645|YHJG_ECOLI
seq2587, sp|P37646|PDEH_ECOLI
seq2588, sp|P37648|YHJJ_ECOLI
seq2589, sp|P37651|GUN_ECOLI
seq2590, sp|P37652|BCSB_ECOLI
seq2591, sp|P37657|BCSE_ECOLI
seq2592, sp|P0ADJ5|BCSF_ECOLI
seq2593, sp|P37659|BCSG_ECOLI
seq2594, sp|P37313|DPPF_ECOLI
seq2595, sp|P0AAG2|DPPD_SHIFL
seq2596, sp|P0AEG1|DPPC_ECOLI
seq2597, sp|P23847|DPPA_ECOLI
seq2598, sp|P37663|YHJY_ECOLI
seq2599, sp|P05100|3MG1_ECOLI
seq2600, sp|P37664|YIAC_ECOLI
seq2601, sp|P37665|YIAD_ECOLI
seq2602, sp|P37666|GHRB_ECOLI
seq2603, sp|P0ADK3|YIAF_SHIFL
seq2604, sp|P0A9V5|YIAG_ECOLI
seq2605, sp|P0A9Y4|CSPA_SHIFL
seq2606, sp|P37305|HOKA_ECOLI
seq2607, sp|P00961|SYGB_ECOLI
seq2608, sp|P00960|SYGA_ECOLI
seq2609, sp|Q2M7M3|YSAB_ECOLI
seq2610, sp|P0ADJ9|YIAA_SHIFL
seq2611, sp|P11286|YIAB_ECOLI
seq2612, sp|P09099|XYLB_ECOLI
seq2613, sp|P37388|XYLG_ECOLI
seq2614, sp|P0ACI3|XYLR_ECOLI
seq2615, sp|P27297|BAX_ECOLI
seq2616, sp|P25718|AMY1_ECOLI
seq2617, sp|P09053|AVTA_ECOLI
seq2618, sp|P56256|YSAA_ECOLI
seq2619, sp|P37671|YIAJ_ECOLI
seq2620, sp|P37672|DLGD_ECOLI
seq2621, sp|P37673|YIAL_ECOLI
seq2622, sp|P37674|YIAM_ECOLI
seq2623, sp|P37676|YIAO_ECOLI
seq2624, sp|P37677|LYXK_ECOLI
seq2625, sp|P37678|SGBH_ECOLI
seq2626, sp|P37679|SGBU_ECOLI
seq2627, sp|P37680|SGBE_ECOLI
seq2628, sp|P37681|YIAT_ECOLI
seq2629, sp|P37682|YIAU_ECOLI
seq2630, sp|P37683|YIAV_ECOLI
seq2631, sp|P0ADK4|YIAW_ECOLI
seq2632, sp|P37686|ADH2_ECOLI
seq2633, sp|P14081|SELB_ECOLI
seq2634, sp|P0ACA1|YIBF_ECOLI
seq2635, sp|P32109|YIBJ_ECOLI
seq2636, sp|P32106|YIBG_ECOLI
seq2637, sp|P0AFV0|YIBH_ECOLI
seq2638, sp|P32108|YIBI_ECOLI
seq2639, sp|P00550|PTM3C_ECOLI
seq2640, sp|P09424|MTLD_ECOLI
seq2641, sp|Q3YVW4|YIBT_SHISS
seq2642, sp|P0ACL8|LLDR_SHIFL
seq2643, sp|B2U5C2|LLDD_SHIB3
seq2644, sp|P0AGJ7|TRML_ECOLI
seq2645, sp|P0A9D7|CYSE_SHIFL
seq2646, sp|Q3YVX3|GPDA_SHISS
seq2647, sp|P0AG89|SECB_SHIFL
seq2648, sp|P0AC62|GLRX3_ECOLI
seq2649, sp|P0AG27|YIBN_ECOLI
seq2650, sp|P37689|GPMI_ECOLI
seq2651, sp|P37690|ENVC_ECOLI
seq2652, sp|P37691|YIBQ_ECOLI
seq2653, sp|P11290|YIBD_ECOLI
seq2654, sp|P07913|TDH_ECOLI
seq2655, sp|P0AB79|KBL_SHIFL
seq2656, sp|P25666|HTRL_ECOLI
seq2657, sp|B7LVH8|HLDD_ESCF3
seq2658, sp|P37692|RFAF_ECOLI
seq2659, sp|P24173|RFAC_ECOLI
seq2660, sp|P27241|RFAZ_ECOLI
seq2661, sp|P27240|RFAY_ECOLI
seq2662, sp|P27129|RFAJ_ECOLI
seq2663, sp|P27128|RFAI_ECOLI
seq2664, sp|P27127|RFAB_ECOLI
seq2665, sp|P27126|RFAS_ECOLI
seq2666, sp|P25741|RFAP_ECOLI
seq2667, sp|P25740|RFAG_ECOLI
seq2668, sp|P25742|RFAQ_ECOLI
seq2669, sp|P0AC75|KDTA_ECOLI
seq2670, sp|P0A6I8|COAD_SHIFL
seq2671, sp|P05523|FPG_ECOLI
seq2672, sp|Q3YVZ9|RL28_SHISS
seq2673, sp|P25531|YICR_ECOLI
seq2674, sp|P06968|DUT_ECOLI
seq2675, sp|P0C094|SLMA_SHIFL
seq2676, sp|B7LVK4|PYRE_ESCF3
seq2677, sp|P0CG19|RNPH_ECOLI
seq2678, sp|P23839|YICC_ECOLI
seq2679, sp|P25772|LIGB_ECOLI
seq2680, sp|Q3YW11|KGUA_SHISS
seq2681, sp|Q3YW12|RPOZ_SHISS
seq2682, sp|P0AG26|SPOT_SHIFL
seq2683, sp|P0AGJ4|TRMH_SHIFL
seq2684, sp|P0AGN2|XANP_SHIFL
seq2685, sp|P31433|YICH_ECOLI
seq2686, sp|P31434|XYLS_ECOLI
seq2687, sp|P04846|NLPA_ECOLI
seq2688, sp|P0ADL3|YICN_ECOLI
seq2689, sp|P31441|ADEC_ECOLI
seq2690, sp|P09835|UHPB_ECOLI
seq2691, sp|P0AGA9|UHPA_SHIFL
seq2692, sp|P0ADF8|ILVN_ECOLI
seq2693, sp|P08142|ILVB_ECOLI
seq2694, sp|P31443|YIDF_ECOLI
seq2695, sp|P0ADL9|YIDG_SHIFL
seq2696, sp|P0ADM3|YIDH_SHIFL
seq2697, sp|P31446|YIDI_ECOLI
seq2698, sp|P31447|YIDJ_ECOLI
seq2699, sp|P31449|YIDL_ECOLI
seq2700, sp|P31450|GLVG_ECOLI
seq2701, sp|P69790|PTXB_SHIFL
seq2702, sp|P31453|YIDP_ECOLI
seq2703, sp|P0C060|IBPB_SHIFL
seq2704, sp|P0ADM5|YIDQ_SHIFL
seq2705, sp|P31456|CBRA_ECOLI
seq2706, sp|B6I3S5|DGOD_ECOSE
seq2707, sp|Q6BF16|DGOA_ECOLI
seq2708, sp|P31459|DGOK_ECOLI
seq2709, sp|P31460|DGOR_ECOLI
seq2710, sp|P0ADM7|YIDX_SHIFL
seq2711, sp|P0A8Y7|YIDA_SHIFL
seq2712, sp|P09996|YIDB_ECOLI
seq2713, sp|Q3YWB4|RECF_SHISS
seq2714, sp|P0A988|DPO3B_ECOLI
seq2715, sp|Q3YWB2|DNAA_SHISS
seq2716, sp|A8G7Q1|RL34_SERP5
seq2717, sp|Q3YWB0|RNPA_SHISS
seq2718, sp|P25714|YIDC_ECOLI
seq2719, sp|Q31UW0|MNME_SHIBS
seq2720, sp|P0A854|TNAA_SHIFL
seq2721, sp|P23173|TNAB_ECOLI
seq2722, sp|P23173|TNAB_ECOLI
seq2723, sp|P31463|YIDZ_ECOLI
seq2724, sp|P0ADM8|YIEE_ECOLI
seq2725, sp|P0AGE8|CHRR_SHIFL
seq2726, sp|P31467|YIEH_ECOLI
seq2727, sp|P31468|CBRB_ECOLI
seq2728, sp|P31469|CBRC_ECOLI
seq2729, sp|P31470|YIEK_ECOLI
seq2730, sp|P26218|BGLH_ECOLI
seq2731, sp|P11988|BGLB_ECOLI
seq2732, sp|P11989|BGLG_ECOLI
seq2733, sp|P0A9K8|PHOU_SHIFL
seq2734, sp|Q3YVL7|PSTB_SHISS
seq2735, sp|P0AG83|PSTS_SHIFL
seq2736, sp|P17169|GLMS_ECOLI
seq2737, sp|B1LL57|GLMU_ECOSM
seq2738, sp|Q3YVN5|ATPE_SHISS
seq2739, sp|Q3YVN6|ATPB_SHISS
seq2740, sp|P0ABA9|ATPG_SHIFL
seq2741, sp|Q3YVN8|ATPA_SHISS
seq2742, sp|Q3YVN9|ATPD_SHISS
seq2743, sp|Q3YVP0|ATPF_SHISS
seq2744, sp|B1JR36|ATPL_YERPY
seq2745, sp|Q3YVP2|ATP6_SHISS
seq2746, sp|P0ABC2|ATPZ_SHIFL
seq2747, sp|Q31UP0|MNMG_SHIBS
seq2748, sp|P0ACI9|ASNC_SHIFL
seq2749, sp|P00963|ASNA_ECOLI
seq2750, sp|Q3YVP9|VIAA_SHISS
seq2751, sp|P31473|RAVA_ECOLI
seq2752, sp|P04982|RBSD_ECOLI
seq2753, sp|P04983|RBSA_ECOLI
seq2754, sp|P0AGI1|RBSC_ECOLI
seq2755, sp|P02925|RBSB_ECOLI
seq2756, sp|P0A9J6|RBSK_ECOLI
seq2757, sp|P0ACQ3|RBSR_SHIFL
seq2758, sp|P31475|YIEP_ECOLI
seq2759, sp|Q3YVK2|HDFR_SHISS
seq2760, sp|P22787|YIFB_ECOLI
seq2761, sp|P0DP89|ILVGP_ECOLI
seq2762, sp|P0DP89|ILVGP_ECOLI
seq2763, sp|P0DP90|ILVG_ECOLI
seq2764, sp|P0DP90|ILVG_ECOLI
seq2765, sp|P0ADG3|ILVM_SHIFL
seq2766, sp|P0AB80|ILVE_ECOLI
seq2767, sp|P05791|ILVD_ECOLI
seq2768, sp|P04968|ILVA_ECOLI
seq2769, sp|P05827|ILVY_ECOLI
seq2770, sp|P05793|ILVC_ECOLI
seq2771, sp|P0A9L5|PPIC_ECOLI
seq2772, sp|P56259|YIFN_ECOLI
seq2773, sp|P09980|REP_ECOLI
seq2774, sp|P25552|GPPA_ECOLI
seq2775, sp|P0AA30|THIO_SHIFL
seq2776, sp|P0AG02|WZZE_SHIFL
seq2777, sp|P27828|WECB_ECOLI
seq2778, sp|P67067|WECC_SHIFL
seq2779, sp|P27830|RMLB2_ECOLI
seq2780, sp|P61888|RMLA2_SHIFL
seq2781, sp|P27832|WECD_ECOLI
seq2782, sp|P27833|WECE_ECOLI
seq2783, sp|P56258|WECF_ECOLI
seq2784, sp|P27836|WECG_ECOLI
seq2785, sp|P27837|YIFK_ECOLI
seq2786, sp|P25550|ASLB_ECOLI
seq2787, sp|P25549|ASLA_ECOLI
seq2788, sp|P0ACC0|HEMY_SHIFL
seq2789, sp|P09126|HEM4_ECOLI
seq2790, sp|Q3YVG0|CYAY_SHISS
seq2791, sp|P11291|YZCX_ECOLI
seq2792, sp|B7LU47|DAPF_ESCF3
seq2793, sp|P23305|YIGA_ECOLI
seq2794, sp|Q3YVF5|XERC_SHISS
seq2795, sp|P0ADP1|YIGB_SHIFL
seq2796, sp|P03018|UVRD_ECOLI
seq2797, sp|Q3YVE9|CORA_SHISS
seq2798, sp|P27842|YIGF_ECOLI
seq2799, sp|P0ADP4|YIGI_SHIFL
seq2800, sp|P0A923|PA1_SHIFL
seq2801, sp|P15043|RECQ_ECOLI
seq2802, sp|P07000|PLDB_ECOLI
seq2803, sp|P0A9G1|METR_SHIFL
seq2804, sp|P25665|METE_ECOLI
seq2805, sp|P56262|DLHH_ECOLI
seq2806, sp|P12758|UDP_ECOLI
seq2807, sp|P0AG73|RMUC_SHIFL
seq2808, sp|Q3YVD2|UBIE_SHISS
seq2809, sp|P0A6A2|UBIB_SHIFL
seq2810, sp|P69423|TATC_ECOLI
seq2811, sp|P0AFW0|RFAH_ECOLI
seq2812, sp|Q3YVC4|UBID_SHISS
seq2813, sp|P0AEN1|FRE_ECOLI
seq2814, sp|P21151|FADA_ECOLI
seq2815, sp|Q3YVC1|FADB_SHISS
seq2816, sp|B7NFE8|PEPQ_ECOLU
seq2817, sp|P27862|YIGZ_ECOLI
seq2818, sp|P0ACB4|HEMG_ECOLI
seq2819, sp|P32125|MOBB_ECOLI
seq2820, sp|P0ADP9|YIHD_ECOLI
seq2821, sp|P0C0K3|SRKA_ECOLI
seq2822, sp|P0AEG4|DSBA_ECOLI
seq2823, sp|P32128|YIHF_ECOLI
seq2824, sp|P32129|YIHG_ECOLI
seq2825, sp|P00582|DPO1_ECOLI
seq2826, sp|P0A8H7|YIHI_SHIFL
seq2827, sp|P32131|HEMN_ECOLI
seq2828, sp|P0AFB8|NTRC_ECOLI
seq2829, sp|P0AFB7|NTRB_SHIFL
seq2830, sp|P0A9C8|GLN1B_SHIFL
seq2831, sp|P0A3B4|BIPA_SHIFL
seq2832, sp|P32134|YIHM_ECOLI
seq2833, sp|P76773|OMPL_ECOLI
seq2834, sp|P32138|SQASE_ECOLI
seq2835, sp|P32139|YIHR_ECOLI
seq2836, sp|P32140|SQUS_ECOLI
seq2837, sp|P32141|SQUT_ECOLI
seq2838, sp|P0A9V9|SQUU_SHIFL
seq2839, sp|P32143|SQUV_ECOLI
seq2840, sp|P32144|CSQR_ECOLI
seq2841, sp|Q3YV89|DTD_SHISS
seq2842, sp|P0ADQ2|FABY_ECOLI
seq2843, sp|P13024|FDHE_ECOLI
seq2844, sp|P0AEL0|FDOI_ECOLI
seq2845, sp|P0AAJ7|FDOH_SHIFL
seq2846, sp|Q3YV81|FDHD_SHISS
seq2847, sp|P32151|YIIG_ECOLI
seq2848, sp|P32153|FRVX_ECOLI
seq2849, sp|P32155|PTFLA_ECOLI
seq2850, sp|P32156|RHAM_ECOLI
seq2851, sp|P32169|RHAD_ECOLI
seq2852, sp|P32170|RHAA_ECOLI
seq2853, sp|P32171|RHAB_ECOLI
seq2854, sp|Q31U84|RHAS_SHIBS
seq2855, sp|P32157|YIIM_ECOLI
seq2856, sp|P0AE82|CPXA_ECOLI
seq2857, sp|P0AE90|CPXR_SHIFL
seq2858, sp|P0AE87|CPXP_SHIFL
seq2859, sp|Q3YV62|PFKA_SHISS
seq2860, sp|P0AG79|SUBI_SHIFL
seq2861, sp|P06282|CDH_ECOLI
seq2862, sp|Q3YV59|TPIS_SHISS
seq2863, sp|P0AF34|YIIR_ECOLI
seq2864, sp|P32162|YIIS_ECOLI
seq2865, sp|P0AAB9|USPD_SHIFL
seq2866, sp|P28861|FENR_ECOLI
seq2867, sp|P0A9D1|GLPX_SHIFL
seq2868, sp|Q31U64|GLPK_SHIBS
seq2869, sp|Q3YV50|ZAPB_SHISS
seq2870, sp|P32166|MENA_ECOLI
seq2871, sp|Q3YV47|HSLU_SHISS
seq2872, sp|P29131|FTSN_ECOLI
seq2873, sp|P0ACP0|CYTR_SHIFL
seq2874, sp|Q3YV42|RL31_SHISS
seq2875, sp|P32167|YIIX_ECOLI
seq2876, sp|Q3YV35|METJ_SHISS
seq2877, sp|P00935|METB_ECOLI
seq2878, sp|P0AEZ2|METF_SHIFL
seq2879, sp|P13029|KATG_ECOLI
seq2880, sp|P32668|YIJF_ECOLI
seq2881, sp|P0A9S5|GLDA_ECOLI
seq2882, sp|P32669|FSAB_ECOLI
seq2883, sp|P32670|PTFX2_ECOLI
seq2884, sp|P69819|PTFB2_SHIFL
seq2885, sp|P32674|GRE1_ECOLI
seq2886, sp|P32675|PFLC_ECOLI
seq2887, sp|P32676|PTFB3_ECOLI
seq2888, sp|P32677|YIJO_ECOLI
seq2889, sp|P0CB39|EPTC_ECOLI
seq2890, sp|P23908|ARGE_ECOLI
seq2891, sp|P11446|ARGC_ECOLI
seq2892, sp|Q31U29|ARGB_SHIBS
seq2893, sp|P0ACQ4|OXYR_ECOLI
seq2894, sp|B7LUN3|STHA_ESCF3
seq2895, sp|P0ACU5|FABR_ECOLI
seq2896, sp|P0AF40|YIJD_ECOLI
seq2897, sp|B6I5I3|TRMA_ECOSE
seq2898, sp|P06709|BIRA_ECOLI
seq2899, sp|Q3YV06|COAA_SHISS
seq2900, sp|P0A6N2|EFTU_ECOL6
seq2901, sp|P0AG96|SECE_ECOLI
seq2902, sp|P0AFG2|NUSG_SHIFL
seq2903, sp|Q3YV01|RL11_SHISS
seq2904, sp|Q3YUZ9|RL10_SHISS
seq2905, sp|P0A7K5|RL7_SHIFL
seq2906, sp|P30139|THIG_ECOLI
seq2907, sp|P30138|THIF_ECOLI
seq2908, sp|P30137|THIE_ECOLI
seq2909, sp|B6I5K5|THIC_ECOSE
seq2910, sp|Q3YUY9|RSD_SHISS
seq2911, sp|Q3YUY7|DCUP_SHISS
seq2912, sp|B7LUK4|NFI_ESCF3
seq2913, sp|P32680|YJAG_ECOLI
seq2914, sp|P0ACF3|DBHA_SHIFL
seq2915, sp|P32681|YJAH_ECOLI
seq2916, sp|P14375|ZRAR_ECOLI
seq2917, sp|P15640|PUR2_ECOLI
seq2918, sp|P15639|PUR9_ECOLI
seq2919, sp|P09162|YJAA_ECOLI
seq2920, sp|P09163|YJAB_ECOLI
seq2921, sp|P07623|METAS_ECOLI
seq2922, sp|P08997|MASY_ECOLI
seq2923, sp|P0A9G6|ACEA_ECOLI
seq2924, sp|P11071|ACEK_ECOLI
seq2925, sp|P16528|ICLR_ECOLI
seq2926, sp|P0AF44|YJBB_SHIFL
seq2927, sp|Q3YUW0|G6PI_SHISS
seq2928, sp|P0AEX9|MALE_ECOLI
seq2929, sp|Q3YUV0|MALK_SHISS
seq2930, sp|P02943|LAMB_ECOLI
seq2931, sp|P32690|YJBI_ECOLI
seq2932, sp|P26602|UBIC_ECOLI
seq2933, sp|P0ABN4|KDGL_SHIFL
seq2934, sp|Q3YUU1|LEXA_SHISS
seq2935, sp|P28303|DINF_ECOLI
seq2936, sp|P68208|YJBJ_SHIFL
seq2937, sp|P0AC52|ZUR_SHIFL
seq2938, sp|P32693|YJBL_ECOLI
seq2939, sp|P0ACB1|DNAB_SHIFL
seq2940, sp|P0A6B5|ALR1_SHIFL
seq2941, sp|P04693|TYRB_ECOLI
seq2942, sp|P0AF48|YJBQ_ECOLI
seq2943, sp|P0AF50|YJBR_ECOLI
seq2944, sp|P0AGE3|SSB_SHIFL
seq2945, sp|P32700|YJCB_ECOLI
seq2946, sp|P0A9E2|SOXS_ECOLI
seq2947, sp|P0ACS4|SOXR_SHIFL
seq2948, sp|P0AF55|YJCH_SHIFL
seq2949, sp|P27550|ACSA_ECOLI
seq2950, sp|Q3YUR5|NRFA_SHISS
seq2951, sp|P0ABL1|NRFB_ECOLI
seq2952, sp|P0AAK9|NRFC_SHIFL
seq2953, sp|P32711|NRFF_ECOLI
seq2954, sp|P32712|NRFG_ECOLI
seq2955, sp|P21345|GLTP_ECOLI
seq2956, sp|P0AF58|YJCO_SHIFL
seq2957, sp|P32714|MDTP_ECOLI
seq2958, sp|P32717|YJCS_ECOLI
seq2959, sp|P32718|ALSK_ECOLI
seq2960, sp|P32719|ALSE_ECOLI
seq2961, sp|P32721|ALSA_ECOLI
seq2962, sp|P39265|ALSB_ECOLI
seq2963, sp|P0ACS7|RPIR_ECOLI
seq2964, sp|P37351|RPIB_ECOLI
seq2965, sp|P16691|PHNO_ECOLI
seq2966, sp|P16690|PHNN_ECOLI
seq2967, sp|P16689|PHNM_ECOLI
seq2968, sp|P16679|PHNL_ECOLI
seq2969, sp|P16678|PHNK_ECOLI
seq2970, sp|P16688|PHNJ_ECOLI
seq2971, sp|P16687|PHNI_ECOLI
seq2972, sp|P16686|PHNH_ECOLI
seq2973, sp|P16685|PHNG_ECOLI
seq2974, sp|P16684|PHNF_ECOLI
seq2975, sp|P0DP70|PHNE2_ECOLI
seq2976, sp|P0DP69|PHNE1_ECOLI
seq2977, sp|P16677|PHNC_ECOLI
seq2978, sp|P16681|YJDN_ECOLI
seq2979, sp|P0AFJ4|YJDM_SHIFL
seq2980, sp|P0DM85|CRFC_ECOLI
seq2981, sp|P39267|YJCZ_ECOLI
seq2982, sp|P30844|BASS_ECOLI
seq2983, sp|P30843|BASR_ECOLI
seq2984, sp|P33234|ADIY_ECOLI
seq2985, sp|P28629|ADIA_ECOLI
seq2986, sp|P0ACH8|MELR_ECOLI
seq2987, sp|P06720|AGAL_ECOLI
seq2988, sp|P39270|YJDF_ECOLI
seq2989, sp|P14407|FUMB_ECOLI
seq2990, sp|P0AD01|DCUR_ECOLI
seq2991, sp|P0AEC8|DCUS_ECOLI
seq2992, sp|P0AF59|YJDI_ECOLI
seq2993, sp|P39274|YJDJ_ECOLI
seq2994, sp|P0A8N5|SYK2_ECOLI
seq2995, sp|P0A9H3|LDCI_ECOLI
seq2996, sp|P0ACU9|YJDC_SHIFL
seq2997, sp|P0AC40|ASPA_SHIFL
seq2998, sp|P37147|FXSA_ECOLI
seq2999, sp|Q3YUJ8|CH10_SHISS
seq3000, sp|Q3YUJ7|CH60_SHISS
seq3001, sp|P0AF72|YJEI_SHIFL
seq3002, sp|P39279|YJEJ_ECOLI
seq3003, sp|P39280|EPMB_ECOLI
seq3004, sp|Q3YUJ2|EFP_SHISS
seq3005, sp|P0A901|BLC_ECOLI
seq3006, sp|P00811|AMPC_ECOLI
seq3007, sp|P0A8Q5|FRDD_SHIFL
seq3008, sp|Q3YUI6|FRDC_SHISS
seq3009, sp|P0AC50|FRDB_SHIFL
seq3010, sp|P00363|FRDA_ECOLI
seq3011, sp|P0A8P0|EPMA_SHIFL
seq3012, sp|P39283|YJEN_ECOLI
seq3013, sp|P39284|YJEO_ECOLI
seq3014, sp|P39285|MSCM_ECOLI
seq3015, sp|P0A8K4|PSD_SHIFL
seq3016, sp|P0A784|ORN_ECOLI
seq3017, sp|P39288|QUEG_ECOLI
seq3018, sp|P31806|NNR_ECOLI
seq3019, sp|P0AF69|TSAE_SHIFL
seq3020, sp|P26365|AMIB_ECOLI
seq3021, sp|Q3YUH2|MIAA_SHISS
seq3022, sp|Q3YUH1|HFQ_SHISS
seq3023, sp|P25519|HFLX_ECOLI
seq3024, sp|P0ABC7|HFLK_ECOLI
seq3025, sp|P0ABC6|HFLC_SHIFL
seq3026, sp|P0AF75|YJET_SHIFL
seq3027, sp|Q328F6|PURA_SHIDS
seq3028, sp|Q3YUG5|NSRR_SHISS
seq3029, sp|P21499|RNR_ECOLI
seq3030, sp|P63180|RLMB_SHIFL
seq3031, sp|P0AF76|YJFI_ECOLI
seq3032, sp|P0AF78|YJFJ_ECOLI
seq3033, sp|P39293|YJFK_ECOLI
seq3034, sp|P0AF80|YJFL_ECOLI
seq3035, sp|P39295|YJFM_ECOLI
seq3036, sp|P33222|YJFC_ECOLI
seq3037, sp|P33224|AIDB_ECOLI
seq3038, sp|P0AF85|YJFN_SHIFL
seq3039, sp|P39297|BSMA_ECOLI
seq3040, sp|P39298|YJFP_ECOLI
seq3041, sp|Q31TC2|ULAR_SHIBS
seq3042, sp|Q3YUF5|ULAG_SHISS
seq3043, sp|P69822|ULAB_ECOLI
seq3044, sp|P69820|ULAC_ECOLI
seq3045, sp|P39305|ULAE_ECOLI
seq3046, sp|P39306|ULAF_ECOLI
seq3047, sp|P0AF89|YJFY_SHIFL
seq3048, sp|Q3YUE7|RS6_SHISS
seq3049, sp|P07013|PRIB_ECOLI
seq3050, sp|Q3YUE5|RS18_SHISS
seq3051, sp|Q3YUE4|RL9_SHISS
seq3052, sp|P39308|YJFZ_ECOLI
seq3053, sp|P39309|YTFA_ECOLI
seq3054, sp|P39310|YTFB_ECOLI
seq3055, sp|Q3YUD8|YTFE_SHISS
seq3056, sp|P39315|QOR2_ECOLI
seq3057, sp|P0ACN3|YTFH_SHIFL
seq3058, sp|P08331|CPDB_ECOLI
seq3059, sp|P22255|CYSQ_ECOLI
seq3060, sp|P39317|YTFI_ECOLI
seq3061, sp|P39187|YTFJ_ECOLI
seq3062, sp|P0ADE2|YTFK_ECOLI
seq3063, sp|P0AE45|PAEA_ECOLI
seq3064, sp|Q3YUC8|MSRA_SHISS
seq3065, sp|P39321|TAMB_ECOLI
seq3066, sp|P0AE51|YTFP_SHIFL
seq3067, sp|A7GTM8|SPEH_BACCN
seq3068, sp|P33647|CHPB_ECOLI
seq3069, sp|P0A7A9|IPYR_ECOLI
seq3070, sp|P39325|YTFQ_ECOLI
seq3071, sp|Q6BEX0|YTFR_ECOLI
seq3072, sp|P0A995|F16PA_SHIFL
seq3073, sp|P37773|MPL_ECOLI
seq3074, sp|Q3YUB7|YJGA_SHISS
seq3075, sp|P0AFK0|PMBA_ECOLI
seq3076, sp|P0ABE8|C562_ECO57
seq3077, sp|P0A9N8|NRDG_ECOLI
seq3078, sp|P28903|NRDD_ECOLI
seq3079, sp|P28904|TREC_ECOLI
seq3080, sp|P36672|PTTBC_ECOLI
seq3081, sp|P36673|TRER_ECOLI
seq3082, sp|P0ABB8|ATMA_ECOLI
seq3083, sp|P0AF95|RIDA_SHIFL
seq3084, sp|Q3YUA7|PYRI_SHISS
seq3085, sp|Q3YUA6|PYRB_SHISS
seq3086, sp|P39332|YJGH_ECOLI
seq3087, sp|P39333|BDCA_ECOLI
seq3088, sp|P39334|BDCR_ECOLI
seq3089, sp|P0AF97|TABA_SHIFL
seq3090, sp|P39336|YJGL_ECOLI
seq3091, sp|P04391|OTC1_ECOLI
seq3092, sp|P39337|YJGM_ECOLI
seq3093, sp|P07118|SYV_ECOLI
seq3094, sp|P28905|HOLC_ECOLI
seq3095, sp|Q3YU89|AMPA_SHISS
seq3096, sp|P0AFA1|LPTF_SHIFL
seq3097, sp|P0ADC6|LPTG_ECOLI
seq3098, sp|P39342|YJGR_ECOLI
seq3099, sp|P39343|IDNR_ECOLI
seq3100, sp|P0A9P9|IDNO_ECOLI
seq3101, sp|P39346|IDND_ECOLI
seq3102, sp|P39208|IDNK_ECOLI
seq3103, sp|P27250|AHR_ECOLI
seq3104, sp|P39347|INTB_ECOLI
seq3105, sp|Q9Z3A0|YJGW_ECOLI
seq3106, sp|P75785|OPGE_ECOLI
seq3107, sp|P75785|OPGE_ECOLI
seq3108, sp|P75785|OPGE_ECOLI
seq3109, sp|P75785|OPGE_ECOLI
seq3110, sp|P39349|YJGX_ECOLI
seq3111, sp|P39349|YJGX_ECOLI
seq3112, sp|P39354|YJHD_ECOLI
seq3113, sp|P39355|YJHE_ECOLI
seq3114, sp|Q47719|YJHV_ECOLI
seq3115, sp|P15031|FECE_ECOLI
seq3116, sp|P15029|FECD_ECOLI
seq3117, sp|P15028|FECB_ECOLI
seq3118, sp|P13036|FECA_ECOLI
seq3119, sp|P23484|FECI_ECOLI
seq3120, sp|P39358|YJHG_ECOLI
seq3121, sp|P39359|YJHH_ECOLI
seq3122, sp|P39360|YJHI_ECOLI
seq3123, sp|P39361|SGCR_ECOLI
seq3124, sp|P39362|SGCE_ECOLI
seq3125, sp|P39364|SGCQ_ECOLI
seq3126, sp|P39366|SGCX_ECOLI
seq3127, sp|P39367|YJHP_ECOLI
seq3128, sp|P39369|YJHR_ECOLI
seq3129, sp|P39370|NANS_ECOLI
seq3130, sp|P39371|NANM_ECOLI
seq3131, sp|P69858|NANC_SHIFL
seq3132, sp|P0ADH9|FIME_SHIFL
seq3133, sp|P39264|FIMI_ECOLI
seq3134, sp|P08190|FIMG_ECOLI
seq3135, sp|P08191|FIMH_ECOLI
seq3136, sp|B7NGX8|UXUA_ECOLU
seq3137, sp|P39160|UXUB_ECOLI
seq3138, sp|P39374|YJIC_ECOLI
seq3139, sp|B7NGY3|IRAD_ECOLU
seq3140, sp|P39376|YJIE_ECOLI
seq3141, sp|P0AEH8|YJIG_ECOLI
seq3142, sp|P39379|YJIH_ECOLI
seq3143, sp|B7NGY8|KPTA_ECOLU
seq3144, sp|P39382|YJIK_ECOLI
seq3145, sp|P39383|YJIL_ECOLI
seq3146, sp|P39384|YJIM_ECOLI
seq3147, sp|P0DP22|YJIQ_ECOLI
seq3148, sp|P39389|YJIR_ECOLI
seq3149, sp|P15006|MCRC_ECOLI
seq3150, sp|P15005|MCRB_ECOLI
seq3151, sp|P39394|SYME_ECOLI
seq3152, sp|P05719|T1SK_ECOLI
seq3153, sp|P08957|T1MK_ECOLI
seq3154, sp|P24202|MRR_ECOLI
seq3155, sp|P24203|YJIA_ECOLI
seq3156, sp|P02942|MCP1_ECOLI
seq3157, sp|P39399|LGOR_ECOLI
seq3158, sp|P39400|LGOD_ECOLI
seq3159, sp|P39401|OPGB_ECOLI
seq3160, sp|P18390|YJJA_ECOLI
seq3161, sp|Q3YU31|DNAT_SHISS
seq3162, sp|P0ADD2|YJJB_ECOLI
seq3163, sp|P0ADD6|YJJP_SHIFL
seq3164, sp|P0ADD7|YJJQ_ECOLI
seq3165, sp|P39405|FHUF_ECOLI
seq3166, sp|P55914|YJJZ_ECOLI
seq3167, sp|Q327M6|RSMC_SHIDS
seq3168, sp|P28632|HOLD_ECOLI
seq3169, sp|P0A947|RIMI_SHIFL
seq3170, sp|P0A8Y1|YJJG_ECOLI
seq3171, sp|Q327M2|RF3_SHIDS
seq3172, sp|P0AFH8|OSMY_ECOLI
seq3173, sp|P39407|YJJU_ECOLI
seq3174, sp|P39408|YJJV_ECOLI
seq3175, sp|P39409|YJJW_ECOLI
seq3176, sp|P37342|YJJI_ECOLI
seq3177, sp|B7NH49|DEOC_ECOLU
seq3178, sp|P07650|TYPH_ECOLI
seq3179, sp|P0A6K9|DEOB_SHIFL
seq3180, sp|Q3YU09|DEOD_SHISS
seq3181, sp|P39410|YJJJ_ECOLI
seq3182, sp|P32099|LPLA_ECOLI
seq3183, sp|P0AGC8|SMP_SHIFL
seq3184, sp|P0AGB2|SERB_SHIFL
seq3185, sp|P24554|RADA_ECOLI
seq3186, sp|P27278|NADR_ECOLI
seq3187, sp|P0A9W5|ETTA_SHIFL
seq3188, sp|P0AGC3|SLT_ECOLI
seq3189, sp|Q3YU01|TRPR_SHISS
seq3190, sp|B1IS25|NCPP_ECOLC
seq3191, sp|Q3YTZ9|GPMB_SHISS
seq3192, sp|P0ACI2|ROB_SHIFL
seq3193, sp|P08368|CREB_ECOLI
seq3194, sp|P08401|CREC_ECOLI
seq3195, sp|P08369|CRED_ECOLI
seq3196, sp|P0A9Q4|ARCA_SHIFL
seq3197, sp|P37005|LAST_ECOLI
