seq0, sp|P00934|THRC_ECOLI
seq1, sp|P75616|YAAX_ECOLI
seq2, sp|P0A8I4|YAAA_SHIFL
seq3, sp|P0A872|TALB_SHIFL
seq4, sp|P0AF05|MOG_SHIFL
seq5, sp|Q3Z601|DNAK_SHISS
seq6, sp|P0A9G3|NHAR_SHIFL
seq7, sp|Q3Z5Y7|RS20_SHISS
seq8, sp|Q3Z5Y3|LSPA_SHISS
seq9, sp|P0AEM3|FKBX_SHIFL
seq10, sp|Q3Z5Y1|ISPH_SHISS
seq11, sp|B7N7Q5|DAPB_ECOLU
seq12, sp|P39206|CAIE_ECOLI
seq13, sp|P31551|CAID_ECOLI
seq14, sp|P60566|FIXA_ECOLI
seq15, sp|P68646|FIXX_ECOLI
seq16, sp|P0ABQ6|DYR_SHIFL
seq17, sp|Q3Z5W0|APAH_SHISS
seq18, sp|P19624|PDXA_ECOLI
seq19, sp|Q3Z5V6|SURA_SHISS
seq20, sp|P31680|DJLA_ECOLI
seq21, sp|P08203|ARAD_ECOLI
seq22, sp|P08202|ARAA_ECOLI
seq23, sp|P0A9E0|ARAC_ECOLI
seq24, sp|P30149|YABI_ECOLI
seq25, sp|P31548|THIQ_ECOLI
seq26, sp|P31549|THIP_ECOLI
seq27, sp|P31550|THIB_ECOLI
seq28, sp|P33595|SGRR_ECOLI
seq29, sp|Q3Z5T9|LEUD_SHISS
seq30, sp|P09151|LEU1_ECOLI
seq31, sp|P10151|LEUO_ECOLI
seq32, sp|P00893|ILVI_ECOLI
seq33, sp|P00894|ILVH_ECOLI
seq34, sp|P22186|MRAZ_ECOLI
seq35, sp|P0AEN7|FTSL_SHIFL
seq36, sp|P0AD68|FTSI_ECOLI
seq37, sp|P17952|MURC_ECOLI
seq38, sp|P07862|DDLB_ECOLI
seq39, sp|P06136|FTSQ_ECOLI
seq40, sp|P0ABH0|FTSA_ECOLI
seq41, sp|P0A9A6|FTSZ_ECOLI
seq42, sp|Q3Z5R3|LPXC_SHISS
seq43, sp|P08337|MUTT_ECOLI
seq44, sp|Q3Z5Q8|YACG_SHISS
seq45, sp|Q3Z5Q7|ZAPD_SHISS
seq46, sp|P36645|HOFB_ECOLI
seq47, sp|P36647|PPDD_ECOLI
seq48, sp|P0AE15|AMPE_SHIFL
seq49, sp|P0ACL9|PDHR_ECOLI
seq50, sp|P0AFG8|ODP1_ECOLI
seq51, sp|P06959|ODP2_ECOLI
seq52, sp|P0A9P3|DLDH_SHIFL
seq53, sp|P36682|YACH_ECOLI
seq54, sp|P36683|ACNB_ECOLI
seq55, sp|Q3Z5P1|YACL_SHISS
seq56, sp|B1LGS2|SPEE_ECOSM
seq57, sp|P0AA95|YACC_ECOLI
seq58, sp|P36649|CUEO_ECOLI
seq59, sp|P15877|DHG_ECOLI
seq60, sp|P36879|YADG_ECOLI
seq61, sp|P0AFN9|YADH_SHIFL
seq62, sp|P36881|YADI_ECOLI
seq63, sp|P31666|YADE_ECOLI
seq64, sp|Q3Z5M9|PAND_SHISS
seq65, sp|P31665|RPNC_ECOLI
seq66, sp|P31058|YADC_ECOLI
seq67, sp|P37017|YADL_ECOLI
seq68, sp|P37018|YADM_ECOLI
seq69, sp|P33129|HTRE_ECOLI
seq70, sp|P37050|YADN_ECOLI
seq71, sp|P0ABF1|PCNB_ECOLI
seq72, sp|P0ABS4|DKSA_SHIFL
seq73, sp|B6HZC1|SFSA_ECOSE
seq74, sp|P37025|THPR_ECOLI
seq75, sp|P37024|HRPB_ECOLI
seq76, sp|P06971|FHUA_ECOLI
seq77, sp|Q3Z5K1|ERPA_SHISS
seq78, sp|Q3Z5J8|MTNN_SHISS
seq79, sp|P15723|DGTP_ECOLI
seq80, sp|P37047|CDAR_ECOLI
seq81, sp|Q3Z5J4|YAEH_SHISS
seq82, sp|P37049|YAEI_ECOLI
seq83, sp|Q32JU0|RS2_SHIDS
seq84, sp|Q3Z5I8|EFTS_SHISS
seq85, sp|Q3Z5I6|RRF_SHISS
seq86, sp|P0AEH1|RSEP_ECOLI
seq87, sp|Q3Z5H8|FABZ_SHISS
seq88, sp|Q3Z5H7|LPXA_SHISS
seq89, sp|P0ABD7|ACCA_SHIFL
seq90, sp|P52095|LDCC_ECOLI
seq91, sp|P52096|YAER_ECOLI
seq92, sp|P0AFW9|ROF_SHIFL
seq93, sp|Q3Z5G7|YAEP_SHISS
seq94, sp|P0AA98|YAEQ_SHIFL
seq95, sp|P40711|ARFB_ECOLI
seq96, sp|P40710|NLPE_ECOLI
seq97, sp|P16659|SYP_ECOLI
seq98, sp|P28634|TRMO_ECOLI
seq99, sp|P69411|RCSF_ECOLI
seq100, sp|P28635|METQ_ECOLI
seq101, sp|Q3Z5F8|METN_SHISS
seq102, sp|P63230|GMHBB_SHIFL
seq103, sp|P30863|DKGB_ECOLI
seq104, sp|P30864|YAFC_ECOLI
seq105, sp|Q3Z5F4|YAFD_SHISS
seq106, sp|P0AEZ7|MLTD_ECOLI
seq107, sp|P0AC84|GLO2_ECOLI
seq108, sp|Q3Z5E9|RNH_SHISS
seq109, sp|P03007|DPO3E_ECOLI
seq110, sp|P77354|YAFU_ECOLI
seq111, sp|P0AD59|IVY_ECOLI
seq112, sp|Q3Z5B4|GMHA_SHISS
seq113, sp|P0AA99|YAFK_ECOLI
seq114, sp|Q47149|YAFQ_ECOLI
seq115, sp|Q47150|DINJ_ECOLI
seq116, sp|Q47153|LFHA_ECOLI
seq117, sp|D3GSC3|LAFU_ECO44
seq118, sp|Q3Z5A4|DPO4_SHISS
seq119, sp|Q47157|YAFO_ECOLI
seq120, sp|Q47158|YAFP_ECOLI
seq121, sp|P75675|YKFJ_ECOLI
seq122, sp|P15288|PEPD_ECOLI
seq123, sp|P04335|FRSA_ECOLI
seq124, sp|P24251|CRL_ECOLI
seq125, sp|P02932|PHOE_ECOLI
seq126, sp|Q3Z595|PROB_SHISS
seq127, sp|Q3Z594|PROA_SHISS
seq128, sp|P77692|YKFI_ECOLI
seq129, sp|Q47684|YAFW_ECOLI
seq130, sp|Q47685|YKFG_ECOLI
seq131, sp|P75676|YAFX_ECOLI
seq132, sp|P75677|YKFF_ECOLI
seq133, sp|P77365|YAFY_ECOLI
seq134, sp|P77206|YAFZ_ECOLI
seq135, sp|Q57083|PERR_ECOLI
seq136, sp|P75680|INSO1_ECOLI
seq137, sp|Q47688|YKFC_ECOLI
seq138, sp|Q47690|MMUM_ECOLI
seq139, sp|Q79E92|YKGN_ECOLI
seq140, sp|P37008|YAGB_ECOLI
seq141, sp|P37007|YAGA_ECOLI
seq142, sp|P06960|OTC2_ECOLI
seq143, sp|P77657|YAGK_ECOLI
seq144, sp|P77607|YAGL_ECOLI
seq145, sp|P71296|YAGM_ECOLI
seq146, sp|P75684|YAGP_ECOLI
seq147, sp|P77183|PAOD_ECOLI
seq148, sp|P77489|PAOC_ECOLI
seq149, sp|P77324|PAOB_ECOLI
seq150, sp|P77165|PAOA_ECOLI
seq151, sp|P77263|ECPE_ECOLI
seq152, sp|P77694|ECPD_ECOLI
seq153, sp|Q325R3|ECPB_SHIBS
seq154, sp|B7NK71|RL36_ECO7I
seq155, sp|Q325R6|RL31B_SHIBS
seq156, sp|P36943|EAEH_ECOLI
seq157, sp|P77601|YKGA_ECOLI
seq158, sp|P77379|RCLR_ECOLI
seq159, sp|P77252|YKGE_ECOLI
seq160, sp|P77433|YKGG_ECOLI
seq161, sp|P77180|YKGH_ECOLI
seq162, sp|P17444|BETA_ECOLI
seq163, sp|P17446|BETI_ECOLI
seq164, sp|P21514|PDEL_ECOLI
seq165, sp|P77700|YAHB_ECOLI
seq166, sp|P77297|YAHE_ECOLI
seq167, sp|P77624|ARCM_ECOLI
seq168, sp|P77554|YAHJ_ECOLI
seq169, sp|P75691|YAHK_ECOLI
seq170, sp|P75692|YAHM_ECOLI
seq171, sp|P75694|YAHO_ECOLI
seq172, sp|P77743|PRPR_ECOLI
seq173, sp|P31660|PRPC_ECOLI
seq174, sp|P77243|PRPD_ECOLI
seq175, sp|P77495|PRPE_ECOLI
seq176, sp|P25524|CODA_ECOLI
seq177, sp|P77569|MHPR_ECOLI
seq178, sp|P77397|MHPA_ECOLI
seq179, sp|Q3Z586|MHPB_SHISS
seq180, sp|P77044|MHPC_ECOLI
seq181, sp|P77608|MHPD_ECOLI
seq182, sp|B6HZX8|HOA_ECOSE
seq183, sp|P51024|YAIL_ECOLI
seq184, sp|P51025|SFGH1_ECOLI
seq185, sp|P25437|FRMA_ECOLI
seq186, sp|Q3Z549|FRMR_SHISS
seq187, sp|Q47534|YAIO_ECOLI
seq188, sp|P71311|YAIS_ECOLI
seq189, sp|Q3Z542|TAUB_SHISS
seq190, sp|Q47539|TAUC_ECOLI
seq191, sp|P0ACB3|HEM2_SHIFL
seq192, sp|A6BM57|RR11_GNEPA
seq193, sp|P77199|YAIT_ECOLI
seq194, sp|P77562|YAIW_ECOLI
seq195, sp|P0AAQ0|YAIZ_ECOLI
seq196, sp|P0A6K0|DDLA_SHIFL
seq197, sp|Q3Z529|IRAP_SHISS
seq198, sp|P00634|PPB_ECOLI
seq199, sp|P0AAP1|DGCC_ECOLI
seq200, sp|P0A9L9|P5CR_SHIFL
seq201, sp|Q3Z523|YAII_SHISS
seq202, sp|Q3Z522|AROL_SHISS
seq203, sp|P0AE29|AROM_SHIFL
seq204, sp|Q3Z519|PPNP_SHISS
seq205, sp|P75704|YKIA_ECOLI
seq206, sp|Q32JE7|RDGC_SHIDS
seq207, sp|P23917|MAK_ECOLI
seq208, sp|P13458|SBCC_ECOLI
seq209, sp|P08400|PHOR_ECOLI
seq210, sp|P21517|MALZ_ECOLI
seq211, sp|B1LJF2|ACPH_ECOSM
seq212, sp|Q3Z504|QUEA_SHISS
seq213, sp|Q3Z503|TGT_SHISS
seq214, sp|P0AAQ5|YAJD_SHIFL
seq215, sp|P0A929|TSX_SHIFL
seq216, sp|P46122|YAJI_ECOLI
seq217, sp|Q3Z4Z6|NRDR_SHISS
seq218, sp|Q3Z4Z3|NUSB_SHISS
seq219, sp|P0AGG0|THIL_ECOLI
seq220, sp|P18200|PGPA_ECOLI
seq221, sp|P77735|YAJO_ECOLI
seq222, sp|Q325I1|DXS_SHIBS
seq223, sp|P22939|ISPA_ECOLI
seq224, sp|Q3Z4Y3|YAJQ_SHISS
seq225, sp|P0ABJ1|CYOA_ECOLI
seq226, sp|P0ABE4|BOLA_SHIFL
seq227, sp|Q3Z4W7|TIG_SHISS
seq228, sp|P0A9M0|LON_ECOLI
seq229, sp|P77756|QUEC_ECOLI
seq230, sp|P46890|YBAE_ECOLI
seq231, sp|P0ACJ5|DECR_ECOLI
seq232, sp|P77265|MDLA_ECOLI
seq233, sp|P0AAG5|MDLB_ECOLI
seq234, sp|P0AGG2|TESB_ECOLI
seq235, sp|P0AFP3|ATL_SHIFL
seq236, sp|P0AAQ9|YBAA_SHIFL
seq237, sp|P77473|PDEB_ECOLI
seq238, sp|P77791|MAA_ECOLI
seq239, sp|P0ACE6|HHA_SHIFL
seq240, sp|P0AAR0|TOMB_ECOLI
seq241, sp|P23862|PRIC_ECOLI
seq242, sp|P0AAR7|YBAN_SHIFL
seq243, sp|Q3Z4T0|APT_SHISS
seq244, sp|Q3Z4S8|YBAB_SHISS
seq245, sp|Q3Z4S7|RECR_SHISS
seq246, sp|Q3Z4S6|HTPG_SHISS
seq247, sp|Q0T7B1|KAD_SHIF8
seq248, sp|P23871|HEMH_ECOLI
seq249, sp|P0AEW6|INGK_ECOLI
seq250, sp|P07024|USHA_ECOLI
seq251, sp|P0AAR4|YBAK_SHIFL
seq252, sp|P0A9T6|YBAQ_ECOLI
seq253, sp|Q59385|COPA_ECOLI
seq254, sp|P0AAS4|YBBJ_SHIFL
seq255, sp|P0AA56|QMCA_SHIFL
seq256, sp|P77307|FETB_ECOLI
seq257, sp|P77395|CNOX_ECOLI
seq258, sp|P0A9U0|YBBA_SHIFL
seq259, sp|P77504|YBBP_ECOLI
seq260, sp|P77759|YLBH_ECOLI
seq261, sp|P33667|SELU_ECOLI
seq262, sp|P0ACR0|ALLS_ECOLI
seq263, sp|P77731|ALLA_ECOLI
seq264, sp|P0ACN4|ALLR_ECOLI
seq265, sp|P0AEP7|GCL_ECOLI
seq266, sp|P30147|HYI_ECOLI
seq267, sp|P77161|GLXR_ECOLI
seq268, sp|P77671|ALLB_ECOLI
seq269, sp|P77364|GLXK2_ECOLI
seq270, sp|P77425|ALLC_ECOLI
seq271, sp|P77555|ALLD_ECOLI
seq272, sp|P0AAS5|YLBF_ECOLI
seq273, sp|P37306|ARCC_ECOLI
seq274, sp|P0AG18|PURE_ECOLI
seq275, sp|P43341|LPXH_ECOLI
seq276, sp|P45570|YBCI_ECOLI
seq277, sp|P0ABW5|SFMA_ECOLI
seq278, sp|P77249|SFMC_ECOLI
seq279, sp|P75715|SFMH_ECOLI
seq280, sp|P24218|INTD_ECOLI
seq281, sp|P75717|EXOD_ECOLI
seq282, sp|P23895|EMRE_ECOLI
seq283, sp|P77698|YBCK_ECOLI
seq284, sp|P68661|YBCO_ECOLI
seq285, sp|Q1RCY4|RUSA_ECOUT
seq286, sp|Q47274|REQ1_ECOLI
seq287, sp|P21420|NMPC_ECOLI
seq288, sp|P0A9R2|ESSD_ECOLI
seq289, sp|P78285|LYSD_ECOLI
seq290, sp|P75719|RZPD_ECOLI
seq291, sp|P58041|RZOD_ECOLI
seq292, sp|P77699|TFAD_ECOLI
seq293, sp|P77460|YBCY_ECOLI
seq294, sp|P09169|OMPT_ECOLI
seq295, sp|P10805|ENVY_ECOLI
seq296, sp|P37325|YBCH_ECOLI
seq297, sp|P31600|NFRA_ECOLI
seq298, sp|P0AFA5|NFRB_ECOLI
seq299, sp|P77485|CUSS_ECOLI
seq300, sp|P0ACZ8|CUSR_ECOLI
seq301, sp|P77211|CUSC_ECOLI
seq302, sp|P0AAT5|YBDG_SHIFL
seq303, sp|P38489|NFSB_ECOLI
seq304, sp|P77213|GCS2_ECOLI
seq305, sp|P05825|FEPA_ECOLI
seq306, sp|P13039|FES_ECOLI
seq307, sp|P11454|ENTF_ECOLI
seq308, sp|P23878|FEPC_ECOLI
seq309, sp|P10378|ENTE_ECOLI
seq310, sp|Q32IX2|ENTH_SHIDS
seq311, sp|P45579|HCXA_ECOLI
seq312, sp|P77806|YBDL_ECOLI
seq313, sp|P77174|YBDM_ECOLI
seq314, sp|P77216|YBDN_ECOLI
seq315, sp|P77746|YBDO_ECOLI
seq316, sp|P0AE11|AHPC_SHIFL
seq317, sp|P35340|AHPF_ECOLI
seq318, sp|P39177|USPG_ECOLI
seq319, sp|P77316|YBDR_ECOLI
seq320, sp|P0AFW7|RNK_SHIFL
seq321, sp|B6I0S2|CITG_ECOSE
seq322, sp|P0A9I1|CITE_ECOLI
seq323, sp|Q3Z4H6|CITD_SHISS
seq324, sp|P77390|CITC_ECOLI
seq325, sp|P0AEF7|DPIA_SHIFL
seq326, sp|P0ABP5|DCUC_SHIFL
seq327, sp|P0ABP5|DCUC_SHIFL
seq328, sp|Q8FJZ8|DCUC_ECOL6
seq329, sp|Q8FJZ8|DCUC_ECOL6
seq330, sp|P37001|PAGP_ECOLI
seq331, sp|P37002|CRCB_ECOLI
seq332, sp|A0A140NCB4|YBEM_ECOBD
seq333, sp|P0A846|TATE_SHIFL
seq334, sp|Q3Z4G4|LIPA_SHISS
seq335, sp|P30979|YBEF_ECOLI
seq336, sp|Q3Z4G1|YBED_SHISS
seq337, sp|P0AEB2|DACA_ECOLI
seq338, sp|P0AD65|MRDA_ECOLI
seq339, sp|Q3Z4F6|RLMH_SHISS
seq340, sp|P0AAT8|IOJAP_SHIFL
seq341, sp|Q3Z4F3|NADD_SHISS
seq342, sp|Q3Z4F1|LPTE_SHISS
seq343, sp|P07813|SYL_ECOLI
seq344, sp|P0AAT9|YBEL_ECOLI
seq345, sp|P77234|YBEQ_ECOLI
seq346, sp|P77627|YBER_ECOLI
seq347, sp|P77427|YBEU_ECOLI
seq348, sp|P77319|HSCC_ECOLI
seq349, sp|P41409|RIHA_ECOLI
seq350, sp|P37902|GLTI_ECOLI
seq351, sp|P23930|LNT_ECOLI
seq352, sp|P0AE81|CORC_SHIFL
seq353, sp|Q3Z4D3|YBEY_SHISS
seq354, sp|Q32IR1|MIAB_SHIDS
seq355, sp|P75728|UBIF_ECOLI
seq356, sp|P0AF24|NAGD_ECOLI
seq357, sp|P0AF18|NAGA_ECOLI
seq358, sp|Q3Z4C2|NAGB_SHISS
seq359, sp|P09323|PTW3C_ECOLI
seq360, sp|P75733|CHIP_ECOLI
seq361, sp|P75734|CHIQ_ECOLI
seq362, sp|P0A9A9|FUR_ECOLI
seq363, sp|P61949|FLAV_ECOLI
seq364, sp|P0AAU9|YBFE_SHIFL
seq365, sp|P0AFZ0|SEQA_SHIFL
seq366, sp|P36938|PGM_ECOLI
seq367, sp|P37003|YBFG_ECOLI
seq368, sp|P24169|DCOS_ECOLI
seq369, sp|P21866|KDPE_ECOLI
seq370, sp|P21865|KDPD_ECOLI
seq371, sp|P03961|KDPC_ECOLI
seq372, sp|P03960|KDPB_ECOLI
seq373, sp|P03959|KDPA_ECOLI
seq374, sp|P36937|KDPF_ECOLI
seq375, sp|P0AAU4|YBFA_SHIFL
seq376, sp|P77779|YBFO_ECOLI
seq377, sp|P75741|YBFL_ECOLI
seq378, sp|P28916|YBFD_ECOLI
seq379, sp|P24252|YBGA_ECOLI
seq380, sp|P00914|PHR_ECOLI
seq381, sp|P0AFP6|GCH1L_ECOLI
seq382, sp|P0AAV4|PXPB_ECOLI
seq383, sp|P75745|PXPC_ECOLI
seq384, sp|P75746|PXPA_ECOLI
seq385, sp|P50465|END8_ECOLI
seq386, sp|P75749|YBGP_ECOLI
seq387, sp|P75750|YBGQ_ECOLI
seq388, sp|P0ABH7|CISY_ECOLI
seq389, sp|P0AC41|SDHA_ECOLI
seq390, sp|P0AFG3|ODO1_ECOLI
seq391, sp|P0AFG6|ODO2_ECOLI
seq392, sp|P54746|MNGB_ECOLI
seq393, sp|P0AAV3|YBGE_SHIFL
seq394, sp|P0ABV1|TOLQ_SHIFL
seq395, sp|P0ABV9|TOLR_SHIFL
seq396, sp|P0A914|PAL_SHIFL
seq397, sp|P45955|CPOB_ECOLI
seq398, sp|P0AB91|AROG_ECOLI
seq399, sp|Q3Z455|GPMA_SHISS
seq400, sp|P0A9C4|GALM_SHIFL
seq401, sp|B6I7R1|GAL1_ECOSE
seq402, sp|P09147|GALE_ECOLI
seq403, sp|P0A9H0|MODE_SHIFL
seq404, sp|P0AAX2|ACRZ_SHIFL
seq405, sp|P37329|MODA_ECOLI
seq406, sp|P0AF01|MODB_ECOLI
seq407, sp|P21829|YBHA_ECOLI
seq408, sp|Q32EZ9|6PGL_SHIDS
seq409, sp|P75764|YBHJ_ECOLI
seq410, sp|P46130|YBHC_ECOLI
seq411, sp|P12994|YBHB_ECOLI
seq412, sp|P12995|BIOA_ECOLI
seq413, sp|P12998|BIOF_ECOLI
seq414, sp|P12999|BIOC_ECOLI
seq415, sp|P13000|BIOD1_ECOLI
seq416, sp|Q3Z405|UVRB_SHISS
seq417, sp|P30745|MOAA_ECOLI
seq418, sp|P0AEZ9|MOAB_ECOLI
seq419, sp|P0A741|MOAC_SHIFL
seq420, sp|P30749|MOAE_ECOLI
seq421, sp|P0AA84|CLSB_ECOLI
seq422, sp|P0AAW4|YBHP_SHIFL
seq423, sp|P0AFQ2|YBHS_ECOLI
seq424, sp|P0ACU1|CECR_SHIFL
seq425, sp|P30176|RIBX_ECOLI
seq426, sp|P27296|DING_ECOLI
seq427, sp|P30177|YBIB_ECOLI
seq428, sp|P30178|HCXB_ECOLI
seq429, sp|P41039|YBII_ECOLI
seq430, sp|P75779|YBIX_ECOLI
seq431, sp|P75780|FIU_ECOLI
seq432, sp|P75783|YBIO_ECOLI
seq433, sp|P10346|GLNQ_ECOLI
seq434, sp|P0A920|OMPX_SHIFL
seq435, sp|P75785|OPGE_ECOLI
seq436, sp|P75791|YBIU_ECOLI
seq437, sp|P75792|SUPH_ECOLI
seq438, sp|P78055|FSAA_ECOLI
seq439, sp|P12282|MOEB_ECOLI
seq440, sp|Q32IB7|GSIC_SHIDS
seq441, sp|P75799|GSID_ECOLI
seq442, sp|P75800|PDEI_ECOLI
seq443, sp|P75801|DGCI_ECOLI
seq444, sp|Q323V7|RIMO_SHIBS
seq445, sp|P75804|YLII_ECOLI
seq446, sp|P0ACA9|GSTB_SHIFL
seq447, sp|P08506|DACC_ECOLI
seq448, sp|P0ACK5|DEOR_ECOLI
seq449, sp|P75806|YBJG_ECOLI
seq450, sp|P0AAY5|YBJH_SHIFL
seq451, sp|P17117|NFSA_ECOLI
seq452, sp|Q3Z3T2|RIMK_SHISS
seq453, sp|P0AAY9|YBJN_SHIFL
seq454, sp|P31134|POTG_ECOLI
seq455, sp|P75817|RLMC_ECOLI
seq456, sp|P30860|ARTJ_ECOLI
seq457, sp|P0AE36|ARTQ_SHIFL
seq458, sp|P30859|ARTI_ECOLI
seq459, sp|P0AAF9|ARTP_SHIFL
seq460, sp|P75820|AMID_ECOLI
seq461, sp|P75821|YBJS_ECOLI
seq462, sp|P75822|YBJT_ECOLI
seq463, sp|P75823|LTAE_ECOLI
seq464, sp|P07003|POXB_ECOLI
seq465, sp|P75825|HCP_ECOLI
seq466, sp|P75828|YBJD_ECOLI
seq467, sp|P75829|YBJX_ECOLI
seq468, sp|P75831|MACB_ECOLI
seq469, sp|Q3Z3N6|IF1_SHISS
seq470, sp|P0A8P2|LFTR_SHIFL
seq471, sp|P23886|CYDC_ECOLI
seq472, sp|P0A9P4|TRXB_ECOLI
seq473, sp|P46889|FTSK_ECOLI
seq474, sp|P61319|LOLA_SHIFL
seq475, sp|P0AAZ4|RARA_ECOLI
seq476, sp|Q3Z3M7|SYS_SHISS
seq477, sp|P18775|DMSA_ECOLI
seq478, sp|P18776|DMSB_ECOLI
seq479, sp|P75836|YCAN_ECOLI
seq480, sp|P43340|YCAK_ECOLI
seq481, sp|P0A9N7|PFLA_SHIFL
seq482, sp|P75839|YCAP_ECOLI
seq483, sp|P23721|SERC_ECOLI
seq484, sp|P43674|YCAL_ECOLI
seq485, sp|Q0SX05|KCY_SHIF8
seq486, sp|P0AG70|RS1_SHIFL
seq487, sp|Q3Z3K9|IHFB_SHISS
seq488, sp|Q32E34|MSBA_SHIDS
seq489, sp|P75843|YCAQ_ECOLI
seq490, sp|P04951|KDSB_ECOLI
seq491, sp|P0AB05|YCBJ_SHIFL
seq492, sp|P0AB01|ELYC_ECOLI
seq493, sp|Q3Z3J9|MUKF_SHISS
seq494, sp|P22524|MUKE_ECOLI
seq495, sp|P0AB09|YCBK_SHIFL
seq496, sp|A0A4P7TN82|OMPF_SHIFM
seq497, sp|P04825|AMPN_ECOLI
seq498, sp|P0AAI1|SSUB_ECOLI
seq499, sp|P75851|SSUC_ECOLI
seq500, sp|P75853|SSUA_ECOLI
seq501, sp|P75855|ELFA_ECOLI
seq502, sp|P75856|ELFD_ECOLI
seq503, sp|P75857|ELFC_ECOLI
seq504, sp|P40876|YCBF_ECOLI
seq505, sp|Q3Z3H6|PYRD_SHISS
seq506, sp|P75864|RLMKL_ECOLI
seq507, sp|P0AB11|PQIC_SHIFL
seq508, sp|Q3Z3G5|MATP_SHISS
seq509, sp|P0A910|OMPA_ECOLI
seq510, sp|P0A733|MGSA_SHIFL
seq511, sp|P75874|YCCU_ECOLI
seq512, sp|P0AB65|ACYP_ECOLI
seq513, sp|Q3Z3F2|TUSE_SHISS
seq514, sp|P0ACD9|MBHL_SHIFL
seq515, sp|P19930|HYAD_ECOLI
seq516, sp|P19931|HYAE_ECOLI
seq517, sp|P19932|HYAF_ECOLI
seq518, sp|P0ACZ2|ETP_ECOLI
seq519, sp|P75885|GFCA_ECOLI
seq520, sp|P0A985|CSPH_SHIFL
seq521, sp|P0AAA5|YMCE_ECOLI
seq522, sp|P52636|YCCM_ECOLI
seq523, sp|P39453|TORS_ECOLI
seq524, sp|P38683|TORT_ECOLI
seq525, sp|P38684|TORR_ECOLI
seq526, sp|P33225|TORA_ECOLI
seq527, sp|P36662|TORD_ECOLI
seq528, sp|P0A8G8|NQOR_SHIFL
seq529, sp|P56614|YMDF_ECOLI
seq530, sp|P75893|RUTF_ECOLI
seq531, sp|P75894|RUTE_ECOLI
seq532, sp|B6I985|RUTD_ECOSE
seq533, sp|P75898|RUTA_ECOLI
seq534, sp|P0ACU4|RUTR_SHIFL
seq535, sp|P0A9K1|PHOH_ECOLI
seq536, sp|P69432|PGAD_ECOLI
seq537, sp|P75905|PGAC_ECOLI
seq538, sp|P75906|PGAB_ECOLI
seq539, sp|P69434|PGAA_ECOLI
seq540, sp|Q7DFV4|YMDE_ECOLI
seq541, sp|P75914|YCDX_ECOLI
seq542, sp|P75915|YCDY_ECOLI
seq543, sp|P0AE95|CSGE_ECOLI
seq544, sp|P52106|CSGD_ECOLI
seq545, sp|P0A8D6|YMDB_ECOLI
seq546, sp|P75919|CLSC_ECOLI
seq547, sp|P33136|OPGG_ECOLI
seq548, sp|P62519|OPGH_SHIFL
seq549, sp|P25738|MSYB_ECOLI
seq550, sp|P0ACV0|LPXL_ECOLI
seq551, sp|P75925|C56I_ECOLI
seq552, sp|P40874|MTOX_ECOLI
seq553, sp|P0AB33|BSSS_ECOLI
seq554, sp|Q3Z354|PYRC_SHISS
seq555, sp|P29217|YCEH_ECOLI
seq556, sp|P75931|YCEM_ECOLI
seq557, sp|P43533|FLGN_ECOLI
seq558, sp|P0AEM5|FLGM_SHIFL
seq559, sp|P75933|FLGA_ECOLI
seq560, sp|P0ABX1|FLGB_SHIFL
seq561, sp|P75936|FLGD_ECOLI
seq562, sp|P75937|FLGE_ECOLI
seq563, sp|P75938|FLGF_ECOLI
seq564, sp|P0ABX5|FLGG_ECOLI
seq565, sp|Q3Z338|FLGH_SHISS
seq566, sp|Q83LI5|YCEQ_SHIFL
seq567, sp|Q3Z330|NTPPB_SHISS
seq568, sp|P0AB28|YCED_ECOLI
seq569, sp|P27247|PLSX_ECOLI
seq570, sp|Q3Z326|FABH_SHISS
seq571, sp|P0AAI9|FABD_ECOLI
seq572, sp|P0AEK3|FABG_SHIFL
seq573, sp|P0AAI8|FABF_SHIFL
seq574, sp|P28305|PABC_ECOLI
seq575, sp|P28306|MLTG_ECOLI
seq576, sp|Q3Z319|KTHY_SHISS
seq577, sp|P69786|PTGCB_ECOLI
seq578, sp|P16869|FHUE_ECOLI
seq579, sp|P0ACE9|HINT_SHIFL
seq580, sp|Q3Z312|LPOB_SHISS
seq581, sp|P75948|THIK_ECOLI
seq582, sp|P75949|NAGZ_ECOLI
seq583, sp|P0A8E4|YCFP_SHIFL
seq584, sp|P75952|COMR_ECOLI
seq585, sp|P0AB40|BHSA_ECOLI
seq586, sp|P75957|LOLD_ECOLI
seq587, sp|P75958|LOLE_ECOLI
seq588, sp|Q32EX9|NAGK_SHIDS
seq589, sp|P69877|POTA_SHIFL
seq590, sp|P29745|PEPT_ECOLI
seq591, sp|P27431|ROXA_ECOLI
seq592, sp|P23837|PHOQ_ECOLI
seq593, sp|P23836|PHOP_ECOLI
seq594, sp|P0AB89|PUR8_ECOLI
seq595, sp|Q3Z2Y7|HFLD_SHISS
seq596, sp|P0AEI9|NUDJ_SHIFL
seq597, sp|P75966|RLUE_ECOLI
seq598, sp|P08200|IDH_ECOLI
seq599, sp|P75967|YMFD_ECOLI
seq600, sp|P75968|YMFE_ECOLI
seq601, sp|P75969|INTE_ECOLI
seq602, sp|P75970|VXIS_ECOLI
seq603, sp|P75974|COHE_ECOLI
seq604, sp|P75975|CROE_ECOLI
seq605, sp|P75976|YMFL_ECOLI
seq606, sp|P75977|YMFM_ECOLI
seq607, sp|P75978|YMFN_ECOLI
seq608, sp|P75979|YMFR_ECOLI
seq609, sp|P75980|BEEE_ECOLI
seq610, sp|P75982|YMFQ_ECOLI
seq611, sp|P45581|STFP_ECOLI
seq612, sp|P09153|TFAE_ECOLI
seq613, sp|P03014|PINE_ECOLI
seq614, sp|P75990|BLUF_ECOLI
seq615, sp|P75991|YCGZ_ECOLI
seq616, sp|P75992|YMGA_ECOLI
seq617, sp|P58034|YMGF_ECOLI
seq618, sp|P77286|YDEU_ECOLI
seq619, sp|Q9JMS3|YUAQ_ECOLI
seq620, sp|P0AB48|YMGD_SHIFL
seq621, sp|Q3Z2X6|YMGG_SHISS
seq622, sp|P76000|YCGI_ECOLI
seq623, sp|Q3Z2X5|MINE_SHISS
seq624, sp|P0AEZ6|MIND_SHIFL
seq625, sp|P76001|YCGJ_ECOLI
seq626, sp|P76002|PLIG_ECOLI
seq627, sp|Q1RCR7|YCGL_ECOUT
seq628, sp|P76004|YCGM_ECOLI
seq629, sp|P0A8L6|YCGN_SHIFL
seq630, sp|P04152|UMUC_ECOLI
seq631, sp|Q32H31|DSBB_SHIDS
seq632, sp|Q3Z2W1|FADR_SHISS
seq633, sp|P29013|YCGB_ECOLI
seq634, sp|Q3Z2V9|DADA_SHISS
seq635, sp|P29012|ALR2_ECOLI
seq636, sp|P76008|LDCA_ECOLI
seq637, sp|Q3Z2V5|EMTA_SHISS
seq638, sp|P76011|YMGE_ECOLI
seq639, sp|P76012|YCGY_ECOLI
seq640, sp|P37349|DHAM_ECOLI
seq641, sp|P76014|DHAL_ECOLI
seq642, sp|P76015|DHAK_ECOLI
seq643, sp|P76016|DHAR_ECOLI
seq644, sp|P76017|YCGV_ECOLI
seq645, sp|Q3Z0S2|PTH_SHISS
seq646, sp|P0AB49|YCHH_ECOLI
seq647, sp|P0A717|KPRS_ECOLI
seq648, sp|P62615|ISPE_ECOLI
seq649, sp|P61322|LOLB_SHIFL
seq650, sp|B7N421|HEM1_ECOLU
seq651, sp|P0ACC2|PRMC_SHIFL
seq652, sp|Q46755|SIRB2_ECOLI
seq653, sp|P0AGM5|SIRB1_ECOLI
seq654, sp|P0AE66|CHAB_SHIFL
seq655, sp|P39163|CHAC_ECOLI
seq656, sp|P0AB54|YCHN_SHIFL
seq657, sp|P39165|YCHO_ECOLI
seq658, sp|P0AF31|NARL_SHIFL
seq659, sp|P11349|NARH_ECOLI
seq660, sp|P0AF26|NARJ_ECOLI
seq661, sp|P0AFR1|RSSA_SHIFL
seq662, sp|P0AEV3|RSSB_SHIFL
seq663, sp|P0AEP6|GALU_SHIFL
seq664, sp|P09120|HNS_SHIFL
seq665, sp|P30192|INSZ_ECOLI
seq666, sp|P30192|INSZ_ECOLI
seq667, sp|P25743|YCHE_ECOLI
seq668, sp|P23843|OPPA_ECOLI
seq669, sp|P76027|OPPD_ECOLI
seq670, sp|P77737|OPPF_ECOLI
seq671, sp|Q3Z0W3|CLSA_SHISS
seq672, sp|P0A8Z2|YCIA_SHIFL
seq673, sp|P21363|YCIE_ECOLI
seq674, sp|P21362|YCIF_ECOLI
seq675, sp|P21361|YCIG_ECOLI
seq676, sp|P0A878|TRPA_SHIFL
seq677, sp|P00909|TRPC_ECOLI
seq678, sp|P00904|TRPGD_ECOLI
seq679, sp|P0A9H5|BTUR_ECOLI
seq680, sp|P0AG15|SOHB_SHIFL
seq681, sp|P0AB64|YCIN_SHIFL
seq682, sp|P0A9F3|CYSB_ECOLI
seq683, sp|Q3Z127|RIBA_SHISS
seq684, sp|P0AB58|LAPB_ECOLI
seq685, sp|P08245|YCIH_ECOLI
seq686, sp|P76035|YCIW_ECOLI
seq687, sp|P0AAI0|SAPF_SHIFL
seq688, sp|P0AAH7|SAPD_SHIFL
seq689, sp|P0AGH7|SAPC_SHIFL
seq690, sp|P0AGH3|SAPB_ECOLI
seq691, sp|P0ACV9|YMJA_SHIFL
seq692, sp|P23883|PUUC_ECOLI
seq693, sp|P37906|PUUB_ECOLI
seq694, sp|P0AFM8|PSPA_SHIFL
seq695, sp|P0AFN5|PSPC_SHIFL
seq696, sp|P76041|GGAP_ECOLI
seq697, sp|P76043|YCJQ_ECOLI
seq698, sp|P77503|YCJS_ECOLI
seq699, sp|P77481|YCJV_ECOLI
seq700, sp|P77615|YCJW_ECOLI
seq701, sp|P76046|YCJX_ECOLI
seq702, sp|Q1RC43|YCJF_ECOUT
seq703, sp|P51981|AEEP_ECOLI
seq704, sp|P76049|YCJY_ECOLI
seq705, sp|P0AEB5|YNAI_ECOLI
seq706, sp|P0AAC3|USPE_SHIFL
seq707, sp|P0A9E8|FNR_SHIFL
seq708, sp|P0AFH1|OGT_SHIFL
seq709, sp|P77744|ABGR_ECOLI
seq710, sp|P77302|DGCM_ECOLI
seq711, sp|Q3Z192|ZNTB_SHISS
seq712, sp|P21693|DBPA_ECOLI
seq713, sp|P76055|TTCA_ECOLI
seq714, sp|P33230|RCBA_ECOLI
seq715, sp|P33229|RALR_ECOLI
seq716, sp|P15033|RACC_ECOLI
seq717, sp|P38394|YDAE_ECOLI
seq718, sp|P38393|KILR_ECOLI
seq719, sp|P38392|SIEB_ECOLI
seq720, sp|P76062|RACR_ECOLI
seq721, sp|P76064|YDAT_ECOLI
seq722, sp|P76065|YDAU_ECOLI
seq723, sp|P76066|YDAW_ECOLI
seq724, sp|P77551|RZPR_ECOLI
seq725, sp|P58042|RZOR_ECOLI
seq726, sp|P76068|YNAK_ECOLI
seq727, sp|P76069|YDAY_ECOLI
seq728, sp|P77163|TFAR_ECOLI
seq729, sp|P76073|YNAE_ECOLI
seq730, sp|P37903|USPF_ECOLI
seq731, sp|P77747|OMPN_ECOLI
seq732, sp|P52647|NIFJ_ECOLI
seq733, sp|P0ACW2|YDBJ_ECOLI
seq734, sp|P52644|HSLJ_ECOLI
seq735, sp|P52643|LDHD_ECOLI
seq736, sp|P52645|YDBH_ECOLI
seq737, sp|P80668|FEAB_ECOLI
seq738, sp|P46883|AMO_ECOLI
seq739, sp|P77455|PAAZ_ECOLI
seq740, sp|P76078|PAAB_ECOLI
seq741, sp|P76080|PAAD_ECOLI
seq742, sp|P76081|PAAE_ECOLI
seq743, sp|P76082|PAAF_ECOLI
seq744, sp|P77467|PAAG_ECOLI
seq745, sp|P76083|PAAH_ECOLI
seq746, sp|P76084|PAAI_ECOLI
seq747, sp|P0C7L2|PAAJ_ECOLI
seq748, sp|P76086|PAAX_ECOLI
seq749, sp|P25927|BIGA_SALTY
seq750, sp|P33666|YDBA_ECOLI
seq751, sp|P25907|YDBD_ECOLI
seq752, sp|P76090|YNBA_ECOLI
seq753, sp|P76092|YNBC_ECOLI
seq754, sp|P41407|AZOR_ECOLI
seq755, sp|P34209|YDCF_ECOLI
seq756, sp|P58072|G3P2_ECO57
seq757, sp|P77171|YDCI_ECOLI
seq758, sp|P76097|YDCJ_ECOLI
seq759, sp|P0ACW7|YDCH_SHIFL
seq760, sp|P13857|RIML_ECOLI
seq761, sp|P76100|YDCK_ECOLI
seq762, sp|P77626|SUTR_ECOLI
seq763, sp|P76104|RLHA_ECOLI
seq764, sp|P67697|HICB_ECOLI
seq765, sp|P77730|YDCR_ECOLI
seq766, sp|P76108|YDCS_ECOLI
seq767, sp|P77795|YDCT_ECOLI
seq768, sp|P77674|ABDH_ECOLI
seq769, sp|P64458|YDCY_SHIFL
seq770, sp|P76111|YDCZ_ECOLI
seq771, sp|P76115|YNCD_ECOLI
seq772, sp|P76117|YNCG_ECOLI
seq773, sp|P24211|RHSE_ECOLI
seq774, sp|P31991|YDCD_ECOLI
seq775, sp|P28917|YDCC_ECOLI
seq776, sp|P77567|NHOA_ECOLI
seq777, sp|P37757|YDDE_ECOLI
seq778, sp|P19317|NARW_ECOLI
seq779, sp|P19318|NARY_ECOLI
seq780, sp|P76123|YDDK_ECOLI
seq781, sp|P0AAJ4|FDNH_SHIFL
seq782, sp|P39451|ADHP_ECOLI
seq783, sp|P26616|MAO1_ECOLI
seq784, sp|P0C0L3|OSMC_SHIFL
seq785, sp|P77622|DDPF_ECOLI
seq786, sp|P77268|DDPD_ECOLI
seq787, sp|P77463|DDPC_ECOLI
seq788, sp|P76129|DOSP_ECOLI
seq789, sp|Q320T0|DOSC_SHIBS
seq790, sp|P69912|DCEB_SHIFL
seq791, sp|P31827|YDDB_ECOLI
seq792, sp|P76134|YDEM_ECOLI
seq793, sp|P77561|YDEP_ECOLI
seq794, sp|P77789|YDES_ECOLI
seq795, sp|P76137|YDET_ECOLI
seq796, sp|P23874|HIPA_ECOLI
seq797, sp|P77286|YDEU_ECOLI
seq798, sp|P77432|LSRK_ECOLI
seq799, sp|P76141|LSRR_ECOLI
seq800, sp|P77257|LSRA_ECOLI
seq801, sp|P76142|LSRB_ECOLI
seq802, sp|B1LF97|LSRG_ECOSM
seq803, sp|P76145|TAM_ECOLI
seq804, sp|B1LF94|UXAB_ECOSM
seq805, sp|P77309|YNEJ_ECOLI
seq806, sp|P76150|YNEK_ECOLI
seq807, sp|Q3Z1R5|MARC_SHISS
seq808, sp|P27245|MARR_ECOLI
seq809, sp|P0ACH7|MARA_SHIFL
seq810, sp|P31125|EAMA_ECOLI
seq811, sp|P31126|YDEE_ECOLI
seq812, sp|P31130|YDEI_ECOLI
seq813, sp|P31131|YDEJ_ECOLI
seq814, sp|P39831|YDFG_ECOLI
seq815, sp|P64466|YDFZ_SHIFL
seq816, sp|P77260|YDFI_ECOLI
seq817, sp|P76154|YDFK_ECOLI
seq818, sp|P77170|PINQ_ECOLI
seq819, sp|P76155|TFAQ_ECOLI
seq820, sp|P77515|STFQ_ECOLI
seq821, sp|P31061|NOHA_ECOLI
seq822, sp|Q2EES0|YNFO_ECOLI
seq823, sp|P76156|YDFO_ECOLI
seq824, sp|P76158|RZPQ_ECOLI
seq825, sp|P76159|LYSQ_ECOLI
seq826, sp|P77237|ESSQ_ECOLI
seq827, sp|P36995|CSPB_ECOLI
seq828, sp|P0A976|CSPF_ECOLI
seq829, sp|P0C080|RELB_SHIFL
seq830, sp|P77609|FLXA_ECOLI
seq831, sp|P76165|YDFX_ECOLI
seq832, sp|P06965|DICC_ECOLI
seq833, sp|P76168|INTQ_ECOLI
seq834, sp|P38105|RSPB_ECOLI
seq835, sp|P38104|RSPA_ECOLI
seq836, sp|P76172|YNFD_ECOLI
seq837, sp|P77374|YNFE_ECOLI
seq838, sp|P77783|YNFF_ECOLI
seq839, sp|P0A6E9|BIOD2_ECOLI
seq840, sp|P50456|MLC_ECOLI
seq841, sp|P76176|YDGD_ECOLI
seq842, sp|Q3Z1V2|MDTI_SHISS
seq843, sp|P07001|PNTA_ECOLI
seq844, sp|P76177|YDGH_ECOLI
seq845, sp|Q32G72|FOLM_SHIDS
seq846, sp|P0ACX2|YDGC_SHIFL
seq847, sp|P52108|RSTA_ECOLI
seq848, sp|P16525|TUS_ECOLI
seq849, sp|P77804|YDGA_ECOLI
seq850, sp|Q47706|UIDC_ECOLI
seq851, sp|P0ACT9|UIDR_SHIFL
seq852, sp|P18811|MALI_ECOLI
seq853, sp|P19642|PTOCB_ECOLI
seq854, sp|P23256|MALY_ECOLI
seq855, sp|B7NB76|ADD_ECOLU
seq856, sp|P77223|RSXB_ECOLI
seq857, sp|Q32FE1|RSXE_SHIDS
seq858, sp|P0A9D2|GSTA_ECOLI
seq859, sp|P0A8W4|SLYA_SHIFL
seq860, sp|P76185|YDHJ_ECOLI
seq861, sp|P76187|YDHF_ECOLI
seq862, sp|P67430|NEMR_ECOLI
seq863, sp|P77258|NEMA_ECOLI
seq864, sp|P0AC83|LGUL_SHIFL
seq865, sp|P0AC72|GLRX4_SHIFL
seq866, sp|P0AGD6|SODF_SHIFL
seq867, sp|P0ACR2|YDHB_ECOLI
seq868, sp|P0A9H7|CFA_ECOLI
seq869, sp|P0AFU9|RISA_SHIFL
seq870, sp|P77552|YDHQ_ECOLI
seq871, sp|P77147|YDHT_ECOLI
seq872, sp|P77409|YDHU_ECOLI
seq873, sp|P77564|YDHW_ECOLI
seq874, sp|P76192|YDHV_ECOLI
seq875, sp|P0ACX8|FUMD_SHIFL
seq876, sp|P0AD61|KPYK1_ECOLI
seq877, sp|P76193|YNHG_ECOLI
seq878, sp|B1LE57|SUFE_ECOSM
seq879, sp|P77444|SUFS_ECOLI
seq880, sp|P77667|SUFA_ECOLI
seq881, sp|P77781|MENI_ECOLI
seq882, sp|P77748|YDIJ_ECOLI
seq883, sp|P0C2L9|YDIB_SHIBS
seq884, sp|B1LE43|AROD_ECOSM
seq885, sp|P77378|YDIR_ECOLI
seq886, sp|P77714|YDIT_ECOLI
seq887, sp|Q3Z250|PSRP_SHISS
seq888, sp|P00887|AROH_ECOLI
seq889, sp|P0ACX9|YDIE_ECOLI
seq890, sp|P77649|SELO_ECOLI
seq891, sp|P76204|YDIV_ECOLI
seq892, sp|P06611|BTUD_ECOLI
seq893, sp|P06610|BTUE_ECOLI
seq894, sp|P07395|SYFB_ECOLI
seq895, sp|Q321K6|SYFA_SHIBS
seq896, sp|Q3Z264|RL20_SHISS
seq897, sp|Q3Z265|RL35_SHISS
seq898, sp|P0A707|IF3_ECOLI
seq899, sp|Q3Z267|SYT_SHISS
seq900, sp|P76205|ARPB_ECOLI
seq901, sp|P23325|ARPA_ECOLI
seq902, sp|P76206|YDIY_ECOLI
seq903, sp|P06999|PFKB_ECOLI
seq904, sp|P64482|YDJM_SHIFL
seq905, sp|P77529|TCYP_ECOLI
seq906, sp|P76210|YDJO_ECOLI
seq907, sp|Q3Z278|CEDA_SHISS
seq908, sp|P37794|CHBG_ECOLI
seq909, sp|P17411|CHBF_ECOLI
seq910, sp|P69794|PTQA_SHIFL
seq911, sp|P17334|PTQC_ECOLI
seq912, sp|P69795|PTQB_ECOLI
seq913, sp|P0ADB3|OSME_SHIFL
seq914, sp|P76213|CHO_ECOLI
seq915, sp|P76214|VES_ECOLI
seq916, sp|P77754|SPY_ECOLI
seq917, sp|P76216|ASTB_ECOLI
seq918, sp|B1LDY4|ASTA_ECOSM
seq919, sp|B6IBG8|ASTC_ECOSE
seq920, sp|P09030|EX3_ECOLI
seq921, sp|P76220|YDJY_ECOLI
seq922, sp|P76909|YNJD_ECOLI
seq923, sp|P77788|NUDG_ECOLI
seq924, sp|P76227|YNJH_ECOLI
seq925, sp|P00370|DHE4_ECOLI
seq926, sp|P76228|YNJI_ECOLI
seq927, sp|P0ACY1|YDJA_ECOLI
seq928, sp|P08395|SPPA_ECOLI
seq929, sp|P0A962|ASPG1_ECOLI
seq930, sp|P77721|YDJF_ECOLI
seq931, sp|P77256|AKRMG_ECOLI
seq932, sp|P77704|YDJI_ECOLI
seq933, sp|P77280|YDJJ_ECOLI
seq934, sp|Q3Z2B6|MSRB_SHISS
seq935, sp|P0A9B5|G3P_SHIFL
seq936, sp|P39173|YEAD_ECOLI
seq937, sp|P76234|YEAE_ECOLI
seq938, sp|P0A909|MIPA_SHIFL
seq939, sp|P76237|DGCJ_ECOLI
seq940, sp|P64483|YEAK_ECOLI
seq941, sp|P76241|NIMR_ECOLI
seq942, sp|P76243|YEAO_ECOLI
seq943, sp|P64495|YOAF_SHIFL
seq944, sp|P64488|YEAR_ECOLI
seq945, sp|P76250|DMLR_ECOLI
seq946, sp|P76251|DMLA_ECOLI
seq947, sp|P0ABR7|CNTA_ECOLI
seq948, sp|P76254|CNTB_ECOLI
seq949, sp|P09155|RND_ECOLI
seq950, sp|P0AA91|YEAY_ECOLI
seq951, sp|P76256|TSAB_ECOLI
seq952, sp|P76257|YOAA_ECOLI
seq953, sp|P0AEB9|YOAB_SHIFL
seq954, sp|P64492|YOAC_SHIFL
seq955, sp|P05041|PABB_ECOLI
seq956, sp|P43337|NUDL_ECOLI
seq957, sp|P16095|SDHL_ECOLI
seq958, sp|P76261|PDED_ECOLI
seq959, sp|P0AEC0|YOAE_ECOLI
seq960, sp|P69800|PTNAB_SHIFL
seq961, sp|P0A9Y9|CSPC_SALTY
seq962, sp|P23894|HTPX_ECOLI
seq963, sp|P64505|YEBV_SHIFL
seq964, sp|P76275|YEBW_ECOLI
seq965, sp|P55798|PRP1_ECOLI
seq966, sp|P0ABT1|HOLE_SHIFL
seq967, sp|P76280|YOBB_ECOLI
seq968, sp|P0AEK0|EXOX_ECOLI
seq969, sp|P24555|PTRB_ECOLI
seq970, sp|P33218|YEBE_ECOLI
seq971, sp|P33219|YEBF_ECOLI
seq972, sp|P0ACY9|YEBG_ECOLI
seq973, sp|P0A958|ALKH_SHIFL
seq974, sp|P46118|HEXR_ECOLI
seq975, sp|P24205|LPXM_ECOLI
seq976, sp|P39172|ZNUA_ECOLI
seq977, sp|Q3Z2L6|ZNUC_SHISS
seq978, sp|Q322E5|RUVA_SHIBS
seq979, sp|Q32H98|RUVC_SHIDS
seq980, sp|P21889|SYD_ECOLI
seq981, sp|P0ADI7|YECD_ECOLI
seq982, sp|P37348|YECE_ECOLI
seq983, sp|Q1RAR3|CMOB_ECOUT
seq984, sp|Q3Z2Q2|CUTC_SHISS
seq985, sp|P52007|YECM_ECOLI
seq986, sp|P11875|SYR_ECOLI
seq987, sp|P76298|FLHA_ECOLI
seq988, sp|P0A9H9|CHEZ_ECOLI
seq989, sp|P0AE69|CHEY_SHIFL
seq990, sp|P07330|CHEB_ECOLI
seq991, sp|P07364|CHER_ECOLI
seq992, sp|P07018|MCP4_ECOLI
seq993, sp|P07017|MCP2_ECOLI
seq994, sp|P0A967|CHEW_SHIFL
seq995, sp|P07363|CHEA_ECOLI
seq996, sp|P09348|MOTA_ECOLI
seq997, sp|P0ABZ0|FLHC_SHIFL
seq998, sp|Q3Z2S0|FLHD_SHISS
seq999, sp|P46888|USPC_ECOLI
seq1000, sp|P02924|ARAF_ECOLI
seq1001, sp|P0A9A5|FTNB_SHIFL
seq1002, sp|P0AD10|YECJ_ECOLI
seq1003, sp|P76308|YECR_ECOLI
seq1004, sp|P0A9A1|FTNA_SHIFL
seq1005, sp|P46887|YECH_ECOLI
seq1006, sp|P0AD06|YECA_SHIFL
seq1007, sp|Q3Z2T6|PGSA_SHISS
seq1008, sp|Q3Z2T7|UVRC_SHISS
seq1009, sp|P0AED6|UVRY_SHIFL
seq1010, sp|P0AD09|YECF_SHIFL
seq1011, sp|P0AFT4|TCYL_SHIFL
seq1012, sp|B1LQT7|DCYD_ECOSM
seq1013, sp|P0AEM9|TCYJ_ECOLI
seq1014, sp|P52627|FLIZ_ECOLI
seq1015, sp|P04949|FLIC_ECOLI
seq1016, sp|P24216|FLID_ECOLI
seq1017, sp|P0ABY2|FLIT_ECOLI
seq1018, sp|P31063|YEDD_ECOLI
seq1019, sp|P0AA36|YEDF_SHIFL
seq1020, sp|P76318|YEDK_ECOLI
seq1021, sp|P76319|YEDL_ECOLI
seq1022, sp|P76322|YEDM_ECOLI
seq1023, sp|P0ABZ1|FLIG_ECOLI
seq1024, sp|P31068|FLIH_ECOLI
seq1025, sp|P52612|FLII_ECOLI
seq1026, sp|P52613|FLIJ_ECOLI
seq1027, sp|P52614|FLIK_ECOLI
seq1028, sp|P15070|FLIN_ECOLI
seq1029, sp|P22586|FLIO_ECOLI
seq1030, sp|P76330|DGCQ_ECOLI
seq1031, sp|P46125|YEDI_ECOLI
seq1032, sp|P46144|YEDJ_ECOLI
seq1033, sp|P76335|YEDS_ECOLI
seq1034, sp|Q56110|OMPS1_SALTI
seq1035, sp|Q56110|OMPS1_SALTI
seq1036, sp|P31658|HCHA_ECOLI
seq1037, sp|P76339|HPRS_ECOLI
seq1038, sp|P76340|HPRR_ECOLI
seq1039, sp|P76341|HIUH_ECOLI
seq1040, sp|P76342|MSRP_ECOLI
seq1041, sp|P76345|C56H_ECOLI
seq1042, sp|Q322W7|MTFA_SHIBS
seq1043, sp|P45042|RFAF_HAEIN
seq1044, sp|P76349|YEEL_ECOLI
seq1045, sp|P76350|SHIA_ECOLI
seq1046, sp|Q47083|CBL_ECOLI
seq1047, sp|P39176|ERFK_ECOLI
seq1048, sp|P36561|COBS_ECOLI
seq1049, sp|P76359|YEEP_ECOLI
seq1050, sp|P76361|YEER_ECOLI
seq1051, sp|P64521|YEET_ECOLI
seq1052, sp|P76364|CBEA_ECOLI
seq1053, sp|P64524|CBTA_ECOLI
seq1054, sp|Q2EES3|YOEF_ECOLI
seq1055, sp|P0A8M9|YEEX_SHIFL
seq1056, sp|B2TYH1|SBMC_SHIB3
seq1057, sp|P33013|DACD_ECOLI
seq1058, sp|P04995|EX1_ECOLI
seq1059, sp|Q83KJ8|YEFM_SHIFL
seq1060, sp|P06988|HISX_ECOLI
seq1061, sp|Q3Z0G2|HIS5_SHISS
seq1062, sp|P06989|HIS2_ECOLI
seq1063, sp|P76372|WZZB_ECOLI
seq1064, sp|P76373|UDG_ECOLI
seq1065, sp|P00350|6PGD_ECOLI
seq1066, sp|P37749|WBBI_ECOLI
seq1067, sp|P37747|GLF_ECOLI
seq1068, sp|P37759|RMLB1_ECOLI
seq1069, sp|P71243|WCAL_ECOLI
seq1070, sp|P71242|WCAK_ECOLI
seq1071, sp|P32057|WCAI_ECOLI
seq1072, sp|P32056|GMM_ECOLI
seq1073, sp|P0AC91|GM4D_SHIFL
seq1074, sp|P0ACD3|WCAF_SHIFL
seq1075, sp|P71239|WCAE_ECOLI
seq1076, sp|P71237|WCAC_ECOLI
seq1077, sp|P76387|WZC_ECOLI
seq1078, sp|P0AAB2|WZB_ECOLI
seq1079, sp|P76389|YEGH_ECOLI
seq1080, sp|P28248|DCD_ECOLI
seq1081, sp|P04395|3MG2_ECOLI
seq1082, sp|P36928|YEGD_ECOLI
seq1083, sp|P76394|YEGJ_ECOLI
seq1084, sp|P69228|BAER_ECOLI
seq1085, sp|P76403|TRHP_ECOLI
seq1086, sp|P76407|YEGS_ECOLI
seq1087, sp|P15082|SRLR_ECOLI
seq1088, sp|P15082|SRLR_ECOLI
seq1089, sp|P36930|GATR_ECOLI
seq1090, sp|P36930|GATR_ECOLI
seq1091, sp|P69828|PTKA_ECOLI
seq1092, sp|P69828|PTKA_ECOLI
seq1093, sp|P69828|PTKA_ECOLI
seq1094, sp|P69828|PTKA_ECOLI
seq1095, sp|P0C8J8|GATZ_ECOLI
seq1096, sp|P0C8J6|GATY_ECOLI
seq1097, sp|P0A991|ALF1_ECOLI
seq1098, sp|P0ACM8|YEGW_SHIFL
seq1099, sp|P76422|THID_ECOLI
seq1100, sp|Q3Z0A5|RCNR_SHISS
seq1101, sp|P64534|RCNB_ECOLI
seq1102, sp|P33341|YEHB_ECOLI
seq1103, sp|P33343|YEHD_ECOLI
seq1104, sp|P0AF08|APBC_ECOLI
seq1105, sp|P33346|YEHI_ECOLI
seq1106, sp|P33347|YEHK_ECOLI
seq1107, sp|P33348|YEHL_ECOLI
seq1108, sp|P33349|YEHM_ECOLI
seq1109, sp|P33352|YEHP_ECOLI
seq1110, sp|P33353|YEHQ_ECOLI
seq1111, sp|P33354|YEHR_ECOLI
seq1112, sp|P0AFT5|BTSR_ECOLI
seq1113, sp|P0AD16|BTSS_SHIFL
seq1114, sp|P33358|MLRA_ECOLI
seq1115, sp|P33359|YEHW_ECOLI
seq1116, sp|P33360|YEHX_ECOLI
seq1117, sp|P33362|YEHZ_ECOLI
seq1118, sp|P06149|DLD_ECOLI
seq1119, sp|P0AFI6|PBP7_SHIFL
seq1120, sp|P0AD17|YOHC_ECOLI
seq1121, sp|P33369|MDTQ_ECOLI
seq1122, sp|P33371|DUSC_ECOLI
seq1123, sp|Q3Z064|YOHJ_SHISS
seq1124, sp|P0AFY5|SANA_SHIFL
seq1125, sp|P76440|PRET_ECOLI
seq1126, sp|Q3Z057|MGLA_SHISS
seq1127, sp|P0AEE7|DGAL_SHIFL
seq1128, sp|P25748|GALS_ECOLI
seq1129, sp|P0ACR4|YEIE_ECOLI
seq1130, sp|Q32EQ7|END4_SHIDS
seq1131, sp|P33020|YEII_ECOLI
seq1132, sp|P0A9E9|YEIL_ECOLI
seq1133, sp|P33025|PSUG_ECOLI
seq1134, sp|P30235|PSUK_ECOLI
seq1135, sp|P20966|PTFBC_ECOLI
seq1136, sp|P0AEX2|K1PF_SHIFL
seq1137, sp|P69811|PTFAH_ECOLI
seq1138, sp|P0AFT8|YEIW_ECOLI
seq1139, sp|Q3Z035|EFPL_SHISS
seq1140, sp|P76446|PDEN_ECOLI
seq1141, sp|P33913|YEJA_ECOLI
seq1142, sp|P0AD23|YEJG_SHIFL
seq1143, sp|P0AA46|RSUA_SHIFL
seq1144, sp|P33919|RADD_ECOLI
seq1145, sp|Q3Z022|RL25_SHISS
seq1146, sp|P33920|NDPA_ECOLI
seq1147, sp|Q3Z020|YEJL_SHISS
seq1148, sp|P0AD27|YEJM_ECOLI
seq1149, sp|P31802|NARP_ECOLI
seq1150, sp|P0ABL8|CCMB_ECOLI
seq1151, sp|P0ABL5|NAPC_ECOLI
seq1152, sp|P33934|NAPH_ECOLI
seq1153, sp|P0AAL5|NAPG_SHIFL
seq1154, sp|P0A9I7|NAPD_SHIFL
seq1155, sp|P0AAL0|NAPF_ECOLI
seq1156, sp|P23827|ECOT_ECOLI
seq1157, sp|P33940|MQO_ECOLI
seq1158, sp|P33941|YOJI_ECOLI
seq1159, sp|P05050|ALKB_ECOLI
seq1160, sp|P06996|OMPC_ECOLI
seq1161, sp|P39838|RCSD_ECOLI
seq1162, sp|P69410|RCSB_SHIFL
seq1163, sp|Q06067|ATOS_ECOLI
seq1164, sp|P76459|ATOA_ECOLI
seq1165, sp|P76461|ATOB_ECOLI
seq1166, sp|P76462|YFAP_ECOLI
seq1167, sp|P76463|YFAQ_ECOLI
seq1168, sp|Q8XE35|A2MGH_ECO57
seq1169, sp|P76464|A2MGH_ECOLI
seq1170, sp|P76466|YFAT_ECOLI
seq1171, sp|P17994|YFAA_ECOLI
seq1172, sp|Q32DV8|UBIG_SHIDS
seq1173, sp|P27294|INAA_ECOLI
seq1174, sp|P0A9C2|GLPA_SHIFL
seq1175, sp|P13033|GLPB_ECOLI
seq1176, sp|P0A996|GLPC_ECOLI
seq1177, sp|P76469|RHMA_ECOLI
seq1178, sp|B1IXU0|RHMD_ECOLC
seq1179, sp|P76471|YFAZ_ECOLI
seq1180, sp|P52006|NUDI_ECOLI
seq1181, sp|P77690|ARNB_ECOLI
seq1182, sp|Q3YZV2|ARNC_SHISS
seq1183, sp|P77398|ARNA_ECOLI
seq1184, sp|Q3YZV0|ARND_SHISS
seq1185, sp|P0CB31|ARNE_SHISS
seq1186, sp|Q3YZU8|ARNF_SHISS
seq1187, sp|P37590|PMRD_ECOLI
seq1188, sp|P0ABU0|MENB_ECOLI
seq1189, sp|P17109|MEND_ECOLI
seq1190, sp|P0AEH5|ELAB_ECOLI
seq1191, sp|P0AEH4|ELAA_SHIFL
seq1192, sp|P0A8V1|RBN_SHIFL
seq1193, sp|P76485|YFBO_ECOLI
seq1194, sp|P0AFE3|NUOJ_SHIFL
seq1195, sp|P0AFD9|NUOI_SHIFL
seq1196, sp|P33602|NUOG_ECOLI
seq1197, sp|P31979|NUOF_ECOLI
seq1198, sp|B1X8Z8|NUOCD_ECODH
seq1199, sp|Q3YZS3|NUOB_SHISS
seq1200, sp|P36771|LRHA_ECOLI
seq1201, sp|P0A961|ALAA_SHIFL
seq1202, sp|P0A6A3|ACKA_ECOLI
seq1203, sp|P65556|YFCD_ECOLI
seq1204, sp|P0AC22|FOLX_SHIFL
seq1205, sp|P77775|YFCH_ECOLI
seq1206, sp|P52094|HISQ_ECOLI
seq1207, sp|P0AG03|UBIX_ECOLI
seq1208, sp|P0AG17|PUR1_SHIFL
seq1209, sp|P08192|FOLC_ECOLI
seq1210, sp|P08390|USG_ECOLI
seq1211, sp|P05459|PDXB_ECOLI
seq1212, sp|P0A953|FABB_ECOLI
seq1213, sp|P76938|EPMC_ECOLI
seq1214, sp|P0C0T6|MEPA_SHIFL
seq1215, sp|P76500|YFCQ_ECOLI
seq1216, sp|P77599|YFCS_ECOLI
seq1217, sp|P77196|YFCU_ECOLI
seq1218, sp|P77288|YFCV_ECOLI
seq1219, sp|P76502|SIXA_ECOLI
seq1220, sp|P77399|FADJ_ECOLI
seq1221, sp|P76503|FADI_ECOLI
seq1222, sp|P0AD33|YFCZ_ECOLI
seq1223, sp|P10384|FADL_ECOLI
seq1224, sp|P76505|YFDF_ECOLI
seq1225, sp|P76506|MLAA_ECOLI
seq1226, sp|P77326|TFAS_ECOLI
seq1227, sp|P77656|YFDK_ECOLI
seq1228, sp|P76508|YFDL_ECOLI
seq1229, sp|P76510|YFDN_ECOLI
seq1230, sp|P76512|YFDP_ECOLI
seq1231, sp|P76513|YFDQ_ECOLI
seq1232, sp|P76514|YFDR_ECOLI
seq1233, sp|P76515|YFDS_ECOLI
seq1234, sp|P46068|DSDC_ECOLI
seq1235, sp|P08555|DSDX_ECOLI
seq1236, sp|P0ACZ7|EVGA_SHIFL
seq1237, sp|P0AFI0|OXC_ECOLI
seq1238, sp|P69903|FCTA_SHIFL
seq1239, sp|O32528|YPDI_ECOLI
seq1240, sp|P0ACV3|LPXP_SHIFL
seq1241, sp|P77434|ALAC_ECOLI
seq1242, sp|P0AE41|YPDB_SHIFL
seq1243, sp|P77396|YPDC_ECOLI
seq1244, sp|P77585|YPDE_ECOLI
seq1245, sp|P69808|PTFB1_ECOLI
seq1246, sp|B6I6T9|GLK_ECOSE
seq1247, sp|P64544|YPEC_SHIFL
seq1248, sp|P0AD39|YFEC_SHIFL
seq1249, sp|P27238|YFED_ECOLI
seq1250, sp|B6I6U7|SYE_ECOSE
seq1251, sp|P45563|XAPA_ECOLI
seq1252, sp|P45564|YFEN_ECOLI
seq1253, sp|P0ACR8|YFER_SHIFL
seq1254, sp|P77173|ZIPA_ECOLI
seq1255, sp|Q3YZC9|CYSZ_SHISS
seq1256, sp|P0ABK5|CYSK_ECOLI
seq1257, sp|P0AA09|PTHP_SHIFL
seq1258, sp|P08839|PT1_ECOLI
seq1259, sp|P69785|PTGA_SHIFL
seq1260, sp|P40191|PDXK_ECOLI
seq1261, sp|Q47702|YFEK_ECOLI
seq1262, sp|P16676|CYSA_ECOLI
seq1263, sp|P16701|CYST_ECOLI
seq1264, sp|P37440|UCPA_ECOLI
seq1265, sp|P77245|MURR_ECOLI
seq1266, sp|P76536|YFEX_ECOLI
seq1267, sp|P76539|YPEA_ECOLI
seq1268, sp|P36553|HEM6_ECOLI
seq1269, sp|P36547|EUTR_ECOLI
seq1270, sp|P76540|EUTK_ECOLI
seq1271, sp|P76541|EUTL_ECOLI
seq1272, sp|Q1R8T1|EUTC_ECOUT
seq1273, sp|P0AEJ6|EUTB_ECOLI
seq1274, sp|P76553|EUTG_ECOLI
seq1275, sp|P77277|EUTJ_ECOLI
seq1276, sp|P77445|EUTE_ECOLI
seq1277, sp|P0ABF4|EUTM_ECOLI
seq1278, sp|P77218|EUTD_ECOLI
seq1279, sp|P65643|EUTT_ECOLI
seq1280, sp|P76555|EUTQ_ECOLI
seq1281, sp|P76556|EUTP_ECOLI
seq1282, sp|P63748|EUTS_SHIFL
seq1283, sp|P76558|MAO2_ECOLI
seq1284, sp|P0A867|TALA_ECOLI
seq1285, sp|P33570|TKT2_ECOLI
seq1286, sp|P37128|NUDK_ECOLI
seq1287, sp|P37127|AEGA_ECOLI
seq1288, sp|P27896|NARQ_ECOLI
seq1289, sp|P24178|YFFB_ECOLI
seq1290, sp|P0AED8|DAPE_SHIFL
seq1291, sp|Q3YZ80|YPFN_SHISS
seq1292, sp|P76561|YPFH_ECOLI
seq1293, sp|P76562|TMCA_ECOLI
seq1294, sp|P0A904|BAMC_SHIFL
seq1295, sp|P0A9I4|GCVR_SHIFL
seq1296, sp|P23481|HYFA_ECOLI
seq1297, sp|P77423|HYFH_ECOLI
seq1298, sp|P77453|HYFJ_ECOLI
seq1299, sp|P71229|HYFR_ECOLI
seq1300, sp|P77733|FOCB_ECOLI
seq1301, sp|P0AFI9|PERM_ECOLI
seq1302, sp|P66949|BEPA_SHIFL
seq1303, sp|P76569|YFGD_ECOLI
seq1304, sp|P0A8F3|UPP_SHIFL
seq1305, sp|P08178|PUR5_ECOLI
seq1306, sp|P08179|PUR3_ECOLI
seq1307, sp|P0A7B1|PPK1_ECOLI
seq1308, sp|P65290|YFGH_ECOLI
seq1309, sp|P76573|YFGI_ECOLI
seq1310, sp|P76577|PBPC_ECOLI
seq1311, sp|P0AFZ2|SSEB_SHIFL
seq1312, sp|P0A9R6|FER_SHIFL
seq1313, sp|Q3YZ26|HSCA_SHISS
seq1314, sp|Q3YZ24|ISCA_SHISS
seq1315, sp|P0ACD7|ISCU_SHIFL
seq1316, sp|P0AGL1|ISCR_SHIFL
seq1317, sp|P0AE03|TRMJ_SHIFL
seq1318, sp|P0ADG4|SUHB_ECOLI
seq1319, sp|P77538|YFHR_ECOLI
seq1320, sp|P54901|CSIE_ECOLI
seq1321, sp|Q47141|HCAR_ECOLI
seq1322, sp|Q3YZ15|HCAE_SHISS
seq1323, sp|B6I5B2|HCAF_ECOSE
seq1324, sp|Q3YZ13|HCAC_SHISS
seq1325, sp|P0CI31|HCAB_ECOLI
seq1326, sp|P77360|YPHC_ECOLI
seq1327, sp|P77509|YPHE_ECOLI
seq1328, sp|P76585|YPHG_ECOLI
seq1329, sp|P76586|YPHH_ECOLI
seq1330, sp|P24232|HMP_ECOLI
seq1331, sp|P0A9Z6|GLNB_SHIFL
seq1332, sp|P52101|GLRK_ECOLI
seq1333, sp|P0AGC6|MLTF_SHIFL
seq1334, sp|P68397|TADA_SHIFL
seq1335, sp|P0AD43|PGPC_SHIFL
seq1336, sp|P52102|YFHL_ECOLI
seq1337, sp|P24224|ACPS_ECOLI
seq1338, sp|P06616|ERA_ECOLI
seq1339, sp|Q3YYU9|RNC_SHISS
seq1340, sp|P00803|LEP_ECOLI
seq1341, sp|P46187|RSEC_ECOLI
seq1342, sp|P0AFY1|RSEB_SHIFL
seq1343, sp|P0AGB9|RPOE_SHIFL
seq1344, sp|P10902|NADB_ECOLI
seq1345, sp|P33634|YFIE_ECOLI
seq1346, sp|Q3YYT5|UNG_SHISS
seq1347, sp|P0AGJ5|YFIF_ECOLI
seq1348, sp|P0AGG7|THIO2_SHIFL
seq1349, sp|P76594|LYSAC_ECOLI
seq1350, sp|P46126|YFIM_ECOLI
seq1351, sp|P63284|CLPB_ECOLI
seq1352, sp|P33644|PURNU_ECOLI
seq1353, sp|P0AC02|BAMD_ECOLI
seq1354, sp|P0AD52|YFIA_SHIFL
seq1355, sp|P07023|TYRA_ECOLI
seq1356, sp|P64548|YFIR_ECOLI
seq1357, sp|P07021|YFIB_ECOLI
seq1358, sp|Q3YYN2|RL19_SHISS
seq1359, sp|Q3YYN0|RIMM_SHISS
seq1360, sp|Q3YYM9|RS16_SHISS
seq1361, sp|P0AGD7|SRP54_ECOLI
seq1362, sp|P37908|YFJD_ECOLI
seq1363, sp|P05824|RECN_ECOLI
seq1364, sp|B2TYP0|RNFH_SHIB3
seq1365, sp|Q3YYQ2|SSRP_SHISS
seq1366, sp|P32053|INTA_ECOLI
seq1367, sp|P52123|YFJH_ECOLI
seq1368, sp|P33997|ALPA_ECOLI
seq1369, sp|P52124|YFJI_ECOLI
seq1370, sp|P52127|YFJL_ECOLI
seq1371, sp|P52129|RNLA_ECOLI
seq1372, sp|P52130|RNLB_ECOLI
seq1373, sp|P52132|YFJQ_ECOLI
seq1374, sp|P52135|YFJT_ECOLI
seq1375, sp|P76613|YPJC_ECOLI
seq1376, sp|P76616|YGAQ_ECOLI
seq1377, sp|P76616|YGAQ_ECOLI
seq1378, sp|P76616|YGAQ_ECOLI
seq1379, sp|P37339|LHGD_ECOLI
seq1380, sp|P22256|GABT_ECOLI
seq1381, sp|P37338|GLAR_ECOLI
seq1382, sp|P0ADE6|KBP_ECOLI
seq1383, sp|P55734|YGAP_ECOLI
seq1384, sp|P0ACG3|STPA_SHIFL
seq1385, sp|P64553|ALAE_SHIFL
seq1386, sp|P0AD56|YGAC_SHIFL
seq1387, sp|P0AC68|NRDH_SHIFL
seq1388, sp|P0A775|NRDI_SHIFL
seq1389, sp|P39452|RIR3_ECOLI
seq1390, sp|P14175|PROV_ECOLI
seq1391, sp|P14176|PROW_ECOLI
seq1392, sp|P76628|YGAY_ECOLI
seq1393, sp|P0ACR9|MPRA_ECOLI
seq1394, sp|P27303|EMRA_ECOLI
seq1395, sp|Q3YYH1|LUXS_SHISS
seq1396, sp|Q32CN5|GSH1_SHIDS
seq1397, sp|P0ADR1|YQAA_SHIFL
seq1398, sp|P77475|YQAB_ECOLI
seq1399, sp|P33596|RECX_ECOLI
seq1400, sp|Q3YYG4|RECA_SHISS
seq1401, sp|P0A6G3|PNCC_ECOLI
seq1402, sp|P41052|MLTB_ECOLI
seq1403, sp|P56579|PTHC_ECOLI
seq1404, sp|P56580|PTHB_ECOLI
seq1405, sp|P05706|PTHA_ECOLI
seq1406, sp|P30131|HYPF_ECOLI
seq1407, sp|P0AAK4|HYDN_ECOLI
seq1408, sp|P24242|ASCG_ECOLI
seq1409, sp|P24241|PTIBC_ECOLI
seq1410, sp|P24240|ASCB_ECOLI
seq1411, sp|P0AEV9|HYCI_ECOLI
seq1412, sp|P0AEV7|HYCH_ECOLI
seq1413, sp|P16431|HYCE_ECOLI
seq1414, sp|P0AEV6|HYCA_SHIFL
seq1415, sp|P0A702|HYPA_SHIFL
seq1416, sp|P0AAN3|HYPB_ECOLI
seq1417, sp|P24192|HYPD_ECOLI
seq1418, sp|P24193|HYPE_ECOLI
seq1419, sp|P19323|FHLA_ECOLI
seq1420, sp|P55799|PRP2_ECOLI
seq1421, sp|P52598|YGBI_ECOLI
seq1422, sp|Q46889|OTNK_ECOLI
seq1423, sp|Q46891|OTNI_ECOLI
seq1424, sp|P0ADA4|NLPD_SHIFL
seq1425, sp|Q0T1H4|PIMT_SHIF8
seq1426, sp|Q3YYB6|ISPF_SHISS
seq1427, sp|Q3YYB4|FTSB_SHISS
seq1428, sp|Q3YYB2|CYSC_SHISS
seq1429, sp|Q3YYB0|CYSD_SHISS
seq1430, sp|P10423|IAP_ECOLI
seq1431, sp|Q46897|CAS6_ECOLI
seq1432, sp|Q46898|CAS5_ECOLI
seq1433, sp|Q46899|CASC_ECOLI
seq1434, sp|Q46901|CSE1_ECOLI
seq1435, sp|B7LWP0|CYSH_ESCF3
seq1436, sp|P38038|CYSJ_ECOLI
seq1437, sp|P65872|QUED_SHIFL
seq1438, sp|Q46904|YGCN_ECOLI
seq1439, sp|Q46908|YGCR_ECOLI
seq1440, sp|Q46911|YGCU_ECOLI
seq1441, sp|P0A6Q2|ENO_SHIFL
seq1442, sp|Q3YY76|PYRG_SHISS
seq1443, sp|P0AEY3|MAZG_ECOLI
seq1444, sp|P0AG23|RELA_SHIFL
seq1445, sp|P0AES2|GUDD_ECOLI
seq1446, sp|Q46915|GUDX_ECOLI
seq1447, sp|P65369|YQCA_SHIFL
seq1448, sp|P0AA42|TRUC_SHIFL
seq1449, sp|Q46919|YQCC_ECOLI
seq1450, sp|P0ADS1|PPNN_SHIFL
seq1451, sp|P30744|SDHM_ECOLI
seq1452, sp|P0A9S1|FUCO_ECOLI
seq1453, sp|Q8X6R3|FUCK_ECO57
seq1454, sp|Q3YY53|FUCM_SHISS
seq1455, sp|P0A9F6|GCVA_ECOLI
seq1456, sp|P65292|YGDI_ECOLI
seq1457, sp|Q46925|CSDA_ECOLI
seq1458, sp|P0AGF2|CSDE_ECOLI
seq1459, sp|P04993|RECD_ECOLI
seq1460, sp|P07648|RECC_ECOLI
seq1461, sp|P08372|PPDC_ECOLI
seq1462, sp|P08370|YGDB_ECOLI
seq1463, sp|P08371|PPDB_ECOLI
seq1464, sp|P33554|PPDA_ECOLI
seq1465, sp|Q3YY33|TYSY_SHISS
seq1466, sp|Q3YY32|LGT_SHISS
seq1467, sp|P37177|PT1P_ECOLI
seq1468, sp|P06722|MUTH_ECOLI
seq1469, sp|P67127|YGDQ_ECOLI
seq1470, sp|P0A9T5|TAS_SHIFL
seq1471, sp|P31119|AAS_ECOLI
seq1472, sp|P03030|LYSR_ECOLI
seq1473, sp|P03813|YGEA_ECOLI
seq1474, sp|P37769|KDUD_ECOLI
seq1475, sp|Q46941|YQEH_ECOLI
seq1476, sp|Q46942|YQEI_ECOLI
seq1477, sp|P77136|YQEK_ECOLI
seq1478, sp|Q46786|YGEF_ECOLI
seq1479, sp|P76639|YGEH_ECOLI
seq1480, sp|Q46790|PBL_ECOLI
seq1481, sp|Q46791|YGEK_ECOLI
seq1482, sp|Q46793|YGEN_ECOLI
seq1483, sp|Q46793|YGEN_ECOLI
seq1484, sp|Q46795|YGEO_ECOLI
seq1485, sp|Q46796|YGEP_ECOLI
seq1486, sp|Q46799|XDHA_ECOLI
seq1487, sp|Q46800|XDHB_ECOLI
seq1488, sp|Q46801|XDHC_ECOLI
seq1489, sp|Q46802|UACR_ECOLI
seq1490, sp|P66899|DPAL_ECOLI
seq1491, sp|P65807|YGEY_ECOLI
seq1492, sp|Q46806|PHYDA_ECOLI
seq1493, sp|Q46807|ARCL_ECOLI
seq1494, sp|Q46808|YQEB_ECOLI
seq1495, sp|Q46809|YQEC_ECOLI
seq1496, sp|Q46810|MOCA_ECOLI
seq1497, sp|Q46812|SSNA_ECOLI
seq1498, sp|Q46819|YGFS_ECOLI
seq1499, sp|Q46820|UACF_ECOLI
seq1500, sp|P0AEG6|DSBC_ECOLI
seq1501, sp|P0A8P8|XERD_ECOLI
seq1502, sp|P0ABY4|FLAW_ECOLI
seq1503, sp|P64559|SDHE_ECOLI
seq1504, sp|P0ADE9|YGFZ_SHIFL
seq1505, sp|Q32BW4|AC4CH_SHIDS
seq1506, sp|P52037|YGFF_ECOLI
seq1507, sp|P33195|GCSP_ECOLI
seq1508, sp|Q31WG6|GCST_SHIBS
seq1509, sp|P25534|UBIH_ECOLI
seq1510, sp|P15034|AMPP_ECOLI
seq1511, sp|P0A8C7|YGFB_SHIFL
seq1512, sp|Q3YXW0|ZAPA_SHISS
seq1513, sp|P0AC28|5FCL_ECOLI
seq1514, sp|Q3YXV7|RPIA_SHISS
seq1515, sp|Q3YXV6|ARGP_SHISS
seq1516, sp|P27253|SCPA_ECOLI
seq1517, sp|P27254|ARGK_ECOLI
seq1518, sp|P52043|SCPC_ECOLI
seq1519, sp|P52044|YGFI_ECOLI
seq1520, sp|P0ADS8|YGGE_SHIFL
seq1521, sp|P11667|ARGO_ECOLI
seq1522, sp|P0A7A1|PGK_SHIFL
seq1523, sp|P11664|YGGC_ECOLI
seq1524, sp|P11663|FUME_ECOLI
seq1525, sp|P69824|PTMA_ECOLI
seq1526, sp|Q31WK6|SPRT_SHIBS
seq1527, sp|P25736|END1_ECOLI
seq1528, sp|P0AGL9|RSME_SHIFL
seq1529, sp|P04425|GSHB_ECOLI
seq1530, sp|Q3YXS3|YQGE_SHISS
seq1531, sp|Q1R778|YQGF_ECOUT
seq1532, sp|P52052|YGGR_ECOLI
seq1533, sp|P67080|PLPHP_ECOLI
seq1534, sp|P64564|YGGT_ECOLI
seq1535, sp|P52060|YGGU_ECOLI
seq1536, sp|P52061|IXTPA_ECOLI
seq1537, sp|P52062|HEMW_ECOLI
seq1538, sp|P0ADS9|YGGN_ECOLI
seq1539, sp|P38521|YGGL_ECOLI
seq1540, sp|Q3YXE9|FETP_SHISS
seq1541, sp|Q1R762|MLTC_ECOUT
seq1542, sp|P21169|DCOR_ECOLI
seq1543, sp|Q46832|YGHD_ECOLI
seq1544, sp|P0AEQ1|GLCG_ECOLI
seq1545, sp|P52074|GLCF_ECOLI
seq1546, sp|P52073|GLCE_ECOLI
seq1547, sp|P0ACL5|GLCC_ECOLI
seq1548, sp|Q46840|YGHO_ECOLI
seq1549, sp|P43676|PITB_ECOLI
seq1550, sp|P0AAN1|HYBE_ECOLI
seq1551, sp|P37182|HYBD_ECOLI
seq1552, sp|P0ACE2|MBHM_SHIFL
seq1553, sp|Q7DFU6|YGHX_ECOLI
seq1554, sp|Q46851|GPR_ECOLI
seq1555, sp|Q3YXN2|YQHA_SHISS
seq1556, sp|P0AG84|YGHA_ECOLI
seq1557, sp|P0ABU7|EXBB_ECOLI
seq1558, sp|P06721|METC_ECOLI
seq1559, sp|P0AA60|YGHB_ECOLI
seq1560, sp|Q46855|YQHC_ECOLI
seq1561, sp|Q46856|YQHD_ECOLI
seq1562, sp|Q46857|DKGA_ECOLI
seq1563, sp|Q46858|YQHG_ECOLI
seq1564, sp|P65299|YQHH_SHIFL
seq1565, sp|Q46861|YGIQ_ECOLI
seq1566, sp|P26648|FTSP_ECOLI
seq1567, sp|P26647|PLSC_ECOLI
seq1568, sp|P0AFI4|PARC_SHIFL
seq1569, sp|Q46863|YGIS_ECOLI
seq1570, sp|Q46865|MQSR_ECOLI
seq1571, sp|Q46866|YGIV_ECOLI
seq1572, sp|P0ADU5|YGIW_ECOLI
seq1573, sp|P52076|QSEB_ECOLI
seq1574, sp|P40719|QSEC_ECOLI
seq1575, sp|Q46867|YGIZ_ECOLI
seq1576, sp|P0AEY5|MDAB_ECOLI
seq1577, sp|P0ADU4|YGIN_SHIFL
seq1578, sp|P20083|PARE_ECOLI
seq1579, sp|P0A900|YQIA_SHIFL
seq1580, sp|P02930|TOLC_ECOLI
seq1581, sp|Q3YXK1|ZUPT_SHISS
seq1582, sp|Q3YXK0|RIBB_SHISS
seq1583, sp|Q46868|UBIK_ECOLI
seq1584, sp|P39834|YGIL_ECOLI
seq1585, sp|P77616|YQIH_ECOLI
seq1586, sp|P76656|YQII_ECOLI
seq1587, sp|Q3YXJ3|GLGS_SHISS
seq1588, sp|P76657|YQIJ_ECOLI
seq1589, sp|P77306|YQIK_ECOLI
seq1590, sp|B1LF43|HLDE_ECOSM
seq1591, sp|P30871|3PASE_ECOLI
seq1592, sp|P0ADU1|YGIM_SHIFL
seq1593, sp|B7ND45|CCA_ECOLU
seq1594, sp|P0AC18|FOLB_SHIFL
seq1595, sp|Q3YXI3|PLSY_SHISS
seq1596, sp|P45463|TTDR_ECOLI
seq1597, sp|Q3YXI2|TTDA_SHISS
seq1598, sp|Q32BQ3|TSAD_SHIDS
seq1599, sp|B1JM17|RS21_YERPY
seq1600, sp|P00579|RPOD_ECOLI
seq1601, sp|Q3YXH4|MUG_SHISS
seq1602, sp|Q46871|YQJH_ECOLI
seq1603, sp|P42589|YGJH_ECOLI
seq1604, sp|P06846|EBGR_ECOLI
seq1605, sp|P06864|BGA2_ECOLI
seq1606, sp|P0AC73|EBGC_ECOLI
seq1607, sp|P42592|YGJK_ECOLI
seq1608, sp|P42593|FADH_ECOLI
seq1609, sp|P67703|HIGA_SHIFL
seq1610, sp|P64580|HIGB_SHIFL
seq1611, sp|Q3YXE2|SSTT_SHISS
seq1612, sp|P42604|UXAA_ECOLI
seq1613, sp|Q3YXD9|UXAC_SHISS
seq1614, sp|P0ACL4|EXUR_SHIFL
seq1615, sp|P0AA66|YQJA_SHIFL
seq1616, sp|P42615|MZRA_ECOLI
seq1617, sp|P42616|YQJC_ECOLI
seq1618, sp|P42620|YQJG_ECOLI
seq1619, sp|P64590|YHAH_ECOLI
seq1620, sp|P64592|YHAI_ECOLI
seq1621, sp|P67660|YHAJ_ECOLI
seq1622, sp|P42624|YHAK_ECOLI
seq1623, sp|P42625|YHAL_ECOLI
seq1624, sp|P42626|YHAM_ECOLI
seq1625, sp|P42630|TDCG_ECOLI
seq1626, sp|P42632|TDCE_ECOLI
seq1627, sp|P0AGF9|TDCB_SHIFL
seq1628, sp|P11866|TDCR_ECOLI
seq1629, sp|P11865|YHAB_ECOLI
seq1630, sp|P23524|GLXK1_ECOLI
seq1631, sp|P0ABQ2|GARR_ECOLI
seq1632, sp|P15373|PRLF_ECOLI
seq1633, sp|P0ACK2|AGAR_ECOLI
seq1634, sp|P42904|PTPB2_ECOLI
seq1635, sp|P42905|PTPC2_ECOLI
seq1636, sp|P42906|AGAA_ECOLI
seq1637, sp|P42907|AGAS_ECOLI
seq1638, sp|Q1R6K0|KBAY_ECOUT
seq1639, sp|P42909|PTPB1_ECOLI
seq1640, sp|P42910|PTPC1_ECOLI
seq1641, sp|P42911|PTPD_ECOLI
seq1642, sp|P42912|AGAI_ECOLI
seq1643, sp|P42915|YRAJ_ECOLI
seq1644, sp|P43319|YRAK_ECOLI
seq1645, sp|P45464|LPOA_ECOLI
seq1646, sp|P45465|YRAN_ECOLI
seq1647, sp|P64596|YRAP_ECOLI
seq1648, sp|P45469|YRAR_ECOLI
seq1649, sp|P45470|YHBO_ECOLI
seq1650, sp|P67763|YHBP_SHIFL
seq1651, sp|P45472|YHBQ_ECOLI
seq1652, sp|P63417|YHBS_ECOLI
seq1653, sp|P64599|UBIT_ECOLI
seq1654, sp|P45527|UBIU_ECOLI
seq1655, sp|P45475|UBIV_ECOLI
seq1656, sp|P0ADV5|YHBW_ECOLI
seq1657, sp|P05055|PNP_ECOLI
seq1658, sp|Q3YX76|RS15_SHISS
seq1659, sp|Q3YX75|TRUB_SHISS
seq1660, sp|P0AFF9|NUSA_SHIFL
seq1661, sp|Q0T0B1|RIMP_SHIF8
seq1662, sp|B1LFS3|ASSY_ECOSM
seq1663, sp|P0AC15|DHPS_SHIFL
seq1664, sp|Q3YX62|RLME_SHISS
seq1665, sp|P0AGK7|YHBY_SHIFL
seq1666, sp|P0A6W8|GREA_SHIFL
seq1667, sp|P42641|OBG_ECOLI
seq1668, sp|P63386|MLAF_ECOLI
seq1669, sp|P0ABZ4|KDSC_ECOLI
seq1670, sp|P0ADV4|LPTA_SHIFL
seq1671, sp|P0A9V4|LPTB_SHIFL
seq1672, sp|P24255|RP54_ECOLI
seq1673, sp|P0AFX3|HPF_SHIFL
seq1674, sp|P69815|PTSN_SHIFL
seq1675, sp|P0A9N3|PTSO_SHIFL
seq1676, sp|B6I1T1|MTGA_ECOSE
seq1677, sp|P0ABU6|ELBB_SHIFL
seq1678, sp|P0ADW6|YHCC_ECOLI
seq1679, sp|P28721|GLTF_ECOLI
seq1680, sp|P28722|YHCA_ECOLI
seq1681, sp|P45421|YHCE_ECOLI
seq1682, sp|P45421|YHCE_ECOLI
seq1683, sp|P45422|YHCF_ECOLI
seq1684, sp|P45423|YHCG_ECOLI
seq1685, sp|P45424|NANQ_ECOLI
seq1686, sp|Q31W92|NANE_SHIBS
seq1687, sp|Q3YX23|NANA_SHISS
seq1688, sp|P0A8W1|NANR_SHIFL
seq1689, sp|Q0T058|RS9_SHIF8
seq1690, sp|P0AA15|RL13_SHIFL
seq1691, sp|P0ADW3|YHCB_ECOLI
seq1692, sp|P0AEE3|DEGS_ECOLI
seq1693, sp|Q3YX10|ARGR_SHISS
seq1694, sp|P64616|YHCO_ECOLI
seq1695, sp|P0AGH0|TLDD_SHIFL
seq1696, sp|P0A9J3|RNG_SHIFL
seq1697, sp|P13518|CSRD_ECOLI
seq1698, sp|P0ABE1|BCCP_SHIFL
seq1699, sp|P0A8T4|PRMA_SHIFL
seq1700, sp|P0ABT5|DUSB_ECOLI
seq1701, sp|Q3YWY8|FIS_SHISS
seq1702, sp|P28638|YHDJ_ECOLI
seq1703, sp|P64619|YHDU_ECOLI
seq1704, sp|P24180|ACRE_ECOLI
seq1705, sp|P45766|YHDW_ECOLI
seq1706, sp|P45769|YHDZ_ECOLI
seq1707, sp|P45795|YRDB_ECOLI
seq1708, sp|Q3YWX5|SMG_SHISS
seq1709, sp|P23882|FMT_ECOLI
seq1710, sp|P36675|ARFA_ECOLI
seq1711, sp|P0ACS5|ZNTR_ECOLI
seq1712, sp|Q3YWW5|RL17_SHISS
seq1713, sp|Q3YWW2|RS11_SHISS
seq1714, sp|Q3YWW1|RS13_SHISS
seq1715, sp|Q3YWV7|RL30_SHISS
seq1716, sp|Q3YWV3|RS8_SHISS
seq1717, sp|Q3YWV2|RS14_SHISS
seq1718, sp|Q3YWV0|RL24_SHISS
seq1719, sp|Q3YWU9|RL14_SHISS
seq1720, sp|Q3YWU8|RS17_SHISS
seq1721, sp|Q3YWU6|RL16_SHISS
seq1722, sp|Q3YWU5|RS3_SHISS
seq1723, sp|Q3YWU4|RL22_SHISS
seq1724, sp|Q3YWU3|RS19_SHISS
seq1725, sp|Q3YWU2|RL2_SHISS
seq1726, sp|P45756|GSPA_ECOLI
seq1727, sp|P45757|GSPC_ECOLI
seq1728, sp|P45759|GSPE_ECOLI
seq1729, sp|P41441|GSPF_ECOLI
seq1730, sp|P41443|GSPH_ECOLI
seq1731, sp|P45763|GSPL_ECOLI
seq1732, sp|P0ABD3|BFR_ECOLI
seq1733, sp|Q83JC4|EFTU_SHIFL
seq1734, sp|P02359|RS7_ECOLI
seq1735, sp|Q3YWT0|RS12_SHISS
seq1736, sp|P45524|YHET_ECOLI
seq1737, sp|P0ADX4|YHFA_SHIFL
seq1738, sp|P45537|YHFK_ECOLI
seq1739, sp|P18335|ARGD_ECOLI
seq1740, sp|P20605|FIC_ECOLI
seq1741, sp|P0AFL3|PPIA_ECOLI
seq1742, sp|P08201|NIRB_ECOLI
seq1743, sp|P0A9I8|NIRD_ECOLI
seq1744, sp|P0AC01|FRLB_SHIFL
seq1745, sp|P45545|YHFS_ECOLI
seq1746, sp|P64633|YHFU_SHIFL
seq1747, sp|P45549|YHFW_ECOLI
seq1748, sp|Q3YWN8|GPH_SHISS
seq1749, sp|P07639|AROB_ECOLI
seq1750, sp|P45751|HOFO_ECOLI
seq1751, sp|P64635|HOFN_SHIFL
seq1752, sp|P02918|PBPA_ECOLI
seq1753, sp|P45800|IGAA_ECOLI
seq1754, sp|P0ACG8|HSLR_ECOLI
seq1755, sp|Q3YWM3|HSLO_SHISS
seq1756, sp|A0A4P7TS68|OMPR_SHIFM
seq1757, sp|P30128|GREB_ECOLI
seq1758, sp|P46837|YHGF_ECOLI
seq1759, sp|Q8FCT7|FEOB_ECOL6
seq1760, sp|P31667|RPNA_ECOLI
seq1761, sp|P46846|GNTX_ECOLI
seq1762, sp|P39835|GNTT_ECOLI
seq1763, sp|P06993|MALT_ECOLI
seq1764, sp|P46850|RTCB_ECOLI
seq1765, sp|P38035|RTCR_ECOLI
seq1766, sp|P0ACL1|GLPR_SHIFL
seq1767, sp|P0AC87|PHSG_SHIFL
seq1768, sp|B1LI90|GLGA_ECOSM
seq1769, sp|Q3YW95|GLGC_SHISS
seq1770, sp|P15067|GLGX_ECOLI
seq1771, sp|Q3YW93|GLGB_SHISS
seq1772, sp|P0A9R1|DHAS_SHIFL
seq1773, sp|P46852|YHHW_ECOLI
seq1774, sp|P46855|YHHZ_ECOLI
seq1775, sp|P0ADX8|YHHA_SHIFL
seq1776, sp|P10907|UGPC_ECOLI
seq1777, sp|P10906|UGPE_ECOLI
seq1778, sp|P22731|LIVF_ECOLI
seq1779, sp|P0A9S9|LIVG_SHIFL
seq1780, sp|P04816|LIVK_ECOLI
seq1781, sp|P37613|PANZ_ECOLI
seq1782, sp|P0AD96|LIVJ_ECOLI
seq1783, sp|P0AGB3|RPOH_ECOLI
seq1784, sp|P0AC32|FTSX_SHIFL
seq1785, sp|P0A9S0|FTSE_SHIFL
seq1786, sp|P0ADX9|RSMD_ECOLI
seq1787, sp|P37615|YHHM_ECOLI
seq1788, sp|P37617|ZNTA_ECOLI
seq1789, sp|Q3YW58|TUSA_SHISS
seq1790, sp|P0AEE2|DCRB_SHIFL
seq1791, sp|P0AGM0|YHHT_ECOLI
seq1792, sp|P37623|ACPT_ECOLI
seq1793, sp|Q3YW47|NIKR_SHISS
seq1794, sp|P0AGH2|YHHJ_SHIFL
seq1795, sp|P37624|RBBA_ECOLI
seq1796, sp|P37627|YHIJ_ECOLI
seq1797, sp|P37629|YHIL_ECOLI
seq1798, sp|P37631|YHIN_ECOLI
seq1799, sp|P0AED4|USPA_SHISO
seq1800, sp|P27298|OPDA_ECOLI
seq1801, sp|P37634|RLMJ_ECOLI
seq1802, sp|P37309|ARSR_ECOLI
seq1803, sp|P0AB97|ARSC_SHIFL
seq1804, sp|P37635|YHIS_ECOLI
seq1805, sp|P0AFV2|YHID_ECOLI
seq1806, sp|P0AET1|HDEA_SHIFL
seq1807, sp|P37636|MDTE_ECOLI
seq1808, sp|P63203|GADW_SHIFL
seq1809, sp|P37197|YHJA_ECOLI
seq1810, sp|P37640|YHJB_ECOLI
seq1811, sp|P37641|YHJC_ECOLI
seq1812, sp|P37642|YHJD_ECOLI
seq1813, sp|P37645|YHJG_ECOLI
seq1814, sp|P37646|PDEH_ECOLI
seq1815, sp|P37648|YHJJ_ECOLI
seq1816, sp|P37651|GUN_ECOLI
seq1817, sp|P37652|BCSB_ECOLI
seq1818, sp|P37657|BCSE_ECOLI
seq1819, sp|P37659|BCSG_ECOLI
seq1820, sp|P37313|DPPF_ECOLI
seq1821, sp|P0AAG2|DPPD_SHIFL
seq1822, sp|P0AEG1|DPPC_ECOLI
seq1823, sp|P23847|DPPA_ECOLI
seq1824, sp|P37663|YHJY_ECOLI
seq1825, sp|P37664|YIAC_ECOLI
seq1826, sp|P37666|GHRB_ECOLI
seq1827, sp|P0A9V5|YIAG_ECOLI
seq1828, sp|P0A9Y4|CSPA_SHIFL
seq1829, sp|P37305|HOKA_ECOLI
seq1830, sp|P00961|SYGB_ECOLI
seq1831, sp|P09099|XYLB_ECOLI
seq1832, sp|P0ACI3|XYLR_ECOLI
seq1833, sp|P25718|AMY1_ECOLI
seq1834, sp|P37671|YIAJ_ECOLI
seq1835, sp|P37673|YIAL_ECOLI
seq1836, sp|P37674|YIAM_ECOLI
seq1837, sp|P37676|YIAO_ECOLI
seq1838, sp|P37677|LYXK_ECOLI
seq1839, sp|P37681|YIAT_ECOLI
seq1840, sp|P37683|YIAV_ECOLI
seq1841, sp|P0ADK4|YIAW_ECOLI
seq1842, sp|P0ACA1|YIBF_ECOLI
seq1843, sp|P32109|YIBJ_ECOLI
seq1844, sp|P32106|YIBG_ECOLI
seq1845, sp|P0AFV0|YIBH_ECOLI
seq1846, sp|P00550|PTM3C_ECOLI
seq1847, sp|Q3YVW4|YIBT_SHISS
seq1848, sp|P0ACL8|LLDR_SHIFL
seq1849, sp|B2U5C2|LLDD_SHIB3
seq1850, sp|P0A9D7|CYSE_SHIFL
seq1851, sp|Q3YVX3|GPDA_SHISS
seq1852, sp|P0AG89|SECB_SHIFL
seq1853, sp|P0AC62|GLRX3_ECOLI
seq1854, sp|P37689|GPMI_ECOLI
seq1855, sp|P37690|ENVC_ECOLI
seq1856, sp|P37691|YIBQ_ECOLI
seq1857, sp|P11290|YIBD_ECOLI
seq1858, sp|B7LVH8|HLDD_ESCF3
seq1859, sp|P37692|RFAF_ECOLI
seq1860, sp|P27241|RFAZ_ECOLI
seq1861, sp|P0AC75|KDTA_ECOLI
seq1862, sp|P0A6I8|COAD_SHIFL
seq1863, sp|P25531|YICR_ECOLI
seq1864, sp|P06968|DUT_ECOLI
seq1865, sp|P0C094|SLMA_SHIFL
seq1866, sp|B7LVK4|PYRE_ESCF3
seq1867, sp|P25772|LIGB_ECOLI
seq1868, sp|Q3YW11|KGUA_SHISS
seq1869, sp|Q3YW12|RPOZ_SHISS
seq1870, sp|P0AG26|SPOT_SHIFL
seq1871, sp|P0AGJ4|TRMH_SHIFL
seq1872, sp|P0AGN2|XANP_SHIFL
seq1873, sp|P31433|YICH_ECOLI
seq1874, sp|P04846|NLPA_ECOLI
seq1875, sp|P0ADL3|YICN_ECOLI
seq1876, sp|P09835|UHPB_ECOLI
seq1877, sp|P0AGA9|UHPA_SHIFL
seq1878, sp|P0ADF8|ILVN_ECOLI
seq1879, sp|P08142|ILVB_ECOLI
seq1880, sp|P31443|YIDF_ECOLI
seq1881, sp|P0ADL9|YIDG_SHIFL
seq1882, sp|P0ADM3|YIDH_SHIFL
seq1883, sp|P31446|YIDI_ECOLI
seq1884, sp|P31447|YIDJ_ECOLI
seq1885, sp|P31449|YIDL_ECOLI
seq1886, sp|P31453|YIDP_ECOLI
seq1887, sp|P0C060|IBPB_SHIFL
seq1888, sp|P0ADM5|YIDQ_SHIFL
seq1889, sp|B6I3S5|DGOD_ECOSE
seq1890, sp|P31459|DGOK_ECOLI
seq1891, sp|P31460|DGOR_ECOLI
seq1892, sp|P09996|YIDB_ECOLI
seq1893, sp|Q3YWB4|RECF_SHISS
seq1894, sp|P0A988|DPO3B_ECOLI
seq1895, sp|A8G7Q1|RL34_SERP5
seq1896, sp|Q3YWB0|RNPA_SHISS
seq1897, sp|P25714|YIDC_ECOLI
seq1898, sp|Q31UW0|MNME_SHIBS
seq1899, sp|P0A854|TNAA_SHIFL
seq1900, sp|P23173|TNAB_ECOLI
seq1901, sp|P23173|TNAB_ECOLI
seq1902, sp|P31463|YIDZ_ECOLI
seq1903, sp|P0ADM8|YIEE_ECOLI
seq1904, sp|P0AGE8|CHRR_SHIFL
seq1905, sp|P31467|YIEH_ECOLI
seq1906, sp|P31468|CBRB_ECOLI
seq1907, sp|P31469|CBRC_ECOLI
seq1908, sp|P31470|YIEK_ECOLI
seq1909, sp|P26218|BGLH_ECOLI
seq1910, sp|P11988|BGLB_ECOLI
seq1911, sp|P0A9K8|PHOU_SHIFL
seq1912, sp|Q3YVL7|PSTB_SHISS
seq1913, sp|P0AG83|PSTS_SHIFL
seq1914, sp|P17169|GLMS_ECOLI
seq1915, sp|B1LL57|GLMU_ECOSM
seq1916, sp|Q3YVN5|ATPE_SHISS
seq1917, sp|Q3YVN6|ATPB_SHISS
seq1918, sp|Q3YVN9|ATPD_SHISS
seq1919, sp|Q3YVP0|ATPF_SHISS
seq1920, sp|Q3YVP2|ATP6_SHISS
seq1921, sp|Q31UP0|MNMG_SHIBS
seq1922, sp|P0ACI9|ASNC_SHIFL
seq1923, sp|P00963|ASNA_ECOLI
seq1924, sp|P31473|RAVA_ECOLI
seq1925, sp|P04982|RBSD_ECOLI
seq1926, sp|P0AGI1|RBSC_ECOLI
seq1927, sp|P02925|RBSB_ECOLI
seq1928, sp|P0A9J6|RBSK_ECOLI
seq1929, sp|Q3YVK2|HDFR_SHISS
seq1930, sp|P22787|YIFB_ECOLI
seq1931, sp|P0DP89|ILVGP_ECOLI
seq1932, sp|P0DP89|ILVGP_ECOLI
seq1933, sp|P0DP90|ILVG_ECOLI
seq1934, sp|P0DP90|ILVG_ECOLI
seq1935, sp|P05791|ILVD_ECOLI
seq1936, sp|P05827|ILVY_ECOLI
seq1937, sp|P05793|ILVC_ECOLI
seq1938, sp|P0A9L5|PPIC_ECOLI
seq1939, sp|P56259|YIFN_ECOLI
seq1940, sp|P09980|REP_ECOLI
seq1941, sp|P0AA30|THIO_SHIFL
seq1942, sp|P0AG02|WZZE_SHIFL
seq1943, sp|P27828|WECB_ECOLI
seq1944, sp|P67067|WECC_SHIFL
seq1945, sp|P61888|RMLA2_SHIFL
seq1946, sp|P27832|WECD_ECOLI
seq1947, sp|P27833|WECE_ECOLI
seq1948, sp|P25550|ASLB_ECOLI
seq1949, sp|P25549|ASLA_ECOLI
seq1950, sp|P0ACC0|HEMY_SHIFL
seq1951, sp|P09126|HEM4_ECOLI
seq1952, sp|Q3YVG0|CYAY_SHISS
seq1953, sp|P11291|YZCX_ECOLI
seq1954, sp|B7LU47|DAPF_ESCF3
seq1955, sp|P23305|YIGA_ECOLI
seq1956, sp|Q3YVF5|XERC_SHISS
seq1957, sp|P0ADP1|YIGB_SHIFL
seq1958, sp|P03018|UVRD_ECOLI
seq1959, sp|P27842|YIGF_ECOLI
seq1960, sp|P0ADP4|YIGI_SHIFL
seq1961, sp|P0A923|PA1_SHIFL
seq1962, sp|P56262|DLHH_ECOLI
seq1963, sp|P12758|UDP_ECOLI
seq1964, sp|P0AG73|RMUC_SHIFL
seq1965, sp|P0A6A2|UBIB_SHIFL
seq1966, sp|P0AEN1|FRE_ECOLI
seq1967, sp|P21151|FADA_ECOLI
seq1968, sp|Q3YVC1|FADB_SHISS
seq1969, sp|B7NFE8|PEPQ_ECOLU
seq1970, sp|P0ACB4|HEMG_ECOLI
seq1971, sp|P32125|MOBB_ECOLI
seq1972, sp|P0ADP9|YIHD_ECOLI
seq1973, sp|P0C0K3|SRKA_ECOLI
seq1974, sp|P0AEG4|DSBA_ECOLI
seq1975, sp|P32128|YIHF_ECOLI
seq1976, sp|P32129|YIHG_ECOLI
seq1977, sp|P00582|DPO1_ECOLI
seq1978, sp|P0A8H7|YIHI_SHIFL
seq1979, sp|P32131|HEMN_ECOLI
seq1980, sp|P0AFB8|NTRC_ECOLI
seq1981, sp|P0AFB7|NTRB_SHIFL
seq1982, sp|P0A3B4|BIPA_SHIFL
seq1983, sp|P32134|YIHM_ECOLI
seq1984, sp|P76773|OMPL_ECOLI
seq1985, sp|P32139|YIHR_ECOLI
seq1986, sp|P32140|SQUS_ECOLI
seq1987, sp|P32141|SQUT_ECOLI
seq1988, sp|P0A9V9|SQUU_SHIFL
seq1989, sp|P13024|FDHE_ECOLI
seq1990, sp|P0AEL0|FDOI_ECOLI
seq1991, sp|P0AAJ7|FDOH_SHIFL
seq1992, sp|Q3YV81|FDHD_SHISS
seq1993, sp|P32151|YIIG_ECOLI
seq1994, sp|P32153|FRVX_ECOLI
seq1995, sp|P32156|RHAM_ECOLI
seq1996, sp|P32171|RHAB_ECOLI
seq1997, sp|Q31U84|RHAS_SHIBS
seq1998, sp|P32157|YIIM_ECOLI
seq1999, sp|P0AE82|CPXA_ECOLI
seq2000, sp|P0AE90|CPXR_SHIFL
seq2001, sp|P0AE87|CPXP_SHIFL
seq2002, sp|Q3YV62|PFKA_SHISS
seq2003, sp|Q3YV59|TPIS_SHISS
seq2004, sp|P32162|YIIS_ECOLI
seq2005, sp|P0AAB9|USPD_SHIFL
seq2006, sp|P28861|FENR_ECOLI
seq2007, sp|Q31U64|GLPK_SHIBS
seq2008, sp|Q3YV50|ZAPB_SHISS
seq2009, sp|P32166|MENA_ECOLI
seq2010, sp|Q3YV47|HSLU_SHISS
seq2011, sp|P29131|FTSN_ECOLI
seq2012, sp|P32167|YIIX_ECOLI
seq2013, sp|Q3YV35|METJ_SHISS
seq2014, sp|P0AEZ2|METF_SHIFL
seq2015, sp|P13029|KATG_ECOLI
seq2016, sp|P32668|YIJF_ECOLI
seq2017, sp|P0A9S5|GLDA_ECOLI
seq2018, sp|P69819|PTFB2_SHIFL
seq2019, sp|P32674|GRE1_ECOLI
seq2020, sp|P32675|PFLC_ECOLI
seq2021, sp|P32677|YIJO_ECOLI
seq2022, sp|P0CB39|EPTC_ECOLI
seq2023, sp|Q31U29|ARGB_SHIBS
seq2024, sp|P0ACQ4|OXYR_ECOLI
seq2025, sp|B7LUN3|STHA_ESCF3
seq2026, sp|P0ACU5|FABR_ECOLI
seq2027, sp|P0AF40|YIJD_ECOLI
seq2028, sp|P0A6N2|EFTU_ECOL6
seq2029, sp|P0AG96|SECE_ECOLI
seq2030, sp|P0AFG2|NUSG_SHIFL
seq2031, sp|Q3YV01|RL11_SHISS
seq2032, sp|Q3YUZ9|RL10_SHISS
seq2033, sp|P0A7K5|RL7_SHIFL
seq2034, sp|P30139|THIG_ECOLI
seq2035, sp|P30137|THIE_ECOLI
seq2036, sp|B6I5K5|THIC_ECOSE
seq2037, sp|Q3YUY9|RSD_SHISS
seq2038, sp|Q3YUY7|DCUP_SHISS
seq2039, sp|B7LUK4|NFI_ESCF3
seq2040, sp|P32680|YJAG_ECOLI
seq2041, sp|P0ACF3|DBHA_SHIFL
seq2042, sp|P32681|YJAH_ECOLI
seq2043, sp|P15640|PUR2_ECOLI
seq2044, sp|P15639|PUR9_ECOLI
seq2045, sp|P09162|YJAA_ECOLI
seq2046, sp|P09163|YJAB_ECOLI
seq2047, sp|P11071|ACEK_ECOLI
seq2048, sp|P16528|ICLR_ECOLI
seq2049, sp|P0AF44|YJBB_SHIFL
seq2050, sp|Q3YUW0|G6PI_SHISS
seq2051, sp|P0AEX9|MALE_ECOLI
seq2052, sp|Q3YUV0|MALK_SHISS
seq2053, sp|P32690|YJBI_ECOLI
seq2054, sp|Q3YUU1|LEXA_SHISS
seq2055, sp|P28303|DINF_ECOLI
seq2056, sp|P68208|YJBJ_SHIFL
seq2057, sp|P0AC52|ZUR_SHIFL
seq2058, sp|P0ACB1|DNAB_SHIFL
seq2059, sp|P0AF50|YJBR_ECOLI
seq2060, sp|P0AGE3|SSB_SHIFL
seq2061, sp|P0ACS4|SOXR_SHIFL
seq2062, sp|Q3YUR5|NRFA_SHISS
seq2063, sp|P0ABL1|NRFB_ECOLI
seq2064, sp|P0AAK9|NRFC_SHIFL
seq2065, sp|P32711|NRFF_ECOLI
seq2066, sp|P21345|GLTP_ECOLI
seq2067, sp|P0AF58|YJCO_SHIFL
seq2068, sp|P32714|MDTP_ECOLI
seq2069, sp|P32717|YJCS_ECOLI
seq2070, sp|P32719|ALSE_ECOLI
seq2071, sp|P32721|ALSA_ECOLI
seq2072, sp|P16690|PHNN_ECOLI
seq2073, sp|P16689|PHNM_ECOLI
seq2074, sp|P16679|PHNL_ECOLI
seq2075, sp|P16678|PHNK_ECOLI
seq2076, sp|P16688|PHNJ_ECOLI
seq2077, sp|P16687|PHNI_ECOLI
seq2078, sp|P16685|PHNG_ECOLI
seq2079, sp|P16684|PHNF_ECOLI
seq2080, sp|P0DP70|PHNE2_ECOLI
seq2081, sp|P0DP69|PHNE1_ECOLI
seq2082, sp|P16677|PHNC_ECOLI
seq2083, sp|P16681|YJDN_ECOLI
seq2084, sp|P0AFJ4|YJDM_SHIFL
seq2085, sp|P0DM85|CRFC_ECOLI
seq2086, sp|P39267|YJCZ_ECOLI
seq2087, sp|P30844|BASS_ECOLI
seq2088, sp|P30843|BASR_ECOLI
seq2089, sp|P33234|ADIY_ECOLI
seq2090, sp|P0ACH8|MELR_ECOLI
seq2091, sp|P06720|AGAL_ECOLI
seq2092, sp|P39270|YJDF_ECOLI
seq2093, sp|P0AF59|YJDI_ECOLI
seq2094, sp|P39274|YJDJ_ECOLI
seq2095, sp|P0A9H3|LDCI_ECOLI
seq2096, sp|P0ACU9|YJDC_SHIFL
seq2097, sp|P0AC40|ASPA_SHIFL
seq2098, sp|P37147|FXSA_ECOLI
seq2099, sp|Q3YUJ8|CH10_SHISS
seq2100, sp|Q3YUJ7|CH60_SHISS
seq2101, sp|P0AF72|YJEI_SHIFL
seq2102, sp|P39279|YJEJ_ECOLI
seq2103, sp|P39280|EPMB_ECOLI
seq2104, sp|Q3YUJ2|EFP_SHISS
seq2105, sp|P00811|AMPC_ECOLI
seq2106, sp|P0A8Q5|FRDD_SHIFL
seq2107, sp|Q3YUI6|FRDC_SHISS
seq2108, sp|P0AC50|FRDB_SHIFL
seq2109, sp|P39283|YJEN_ECOLI
seq2110, sp|P39285|MSCM_ECOLI
seq2111, sp|P0A784|ORN_ECOLI
seq2112, sp|P39288|QUEG_ECOLI
seq2113, sp|P0AF69|TSAE_SHIFL
seq2114, sp|Q3YUH2|MIAA_SHISS
seq2115, sp|Q3YUH1|HFQ_SHISS
seq2116, sp|P0ABC7|HFLK_ECOLI
seq2117, sp|P0AF75|YJET_SHIFL
seq2118, sp|Q3YUG5|NSRR_SHISS
seq2119, sp|P63180|RLMB_SHIFL
seq2120, sp|P0AF76|YJFI_ECOLI
seq2121, sp|P0AF78|YJFJ_ECOLI
seq2122, sp|P39293|YJFK_ECOLI
seq2123, sp|P0AF80|YJFL_ECOLI
seq2124, sp|P39295|YJFM_ECOLI
seq2125, sp|P33222|YJFC_ECOLI
seq2126, sp|P33224|AIDB_ECOLI
seq2127, sp|P0AF85|YJFN_SHIFL
seq2128, sp|Q31TC2|ULAR_SHIBS
seq2129, sp|P69820|ULAC_ECOLI
seq2130, sp|P39306|ULAF_ECOLI
seq2131, sp|P0AF89|YJFY_SHIFL
seq2132, sp|Q3YUE7|RS6_SHISS
seq2133, sp|P07013|PRIB_ECOLI
seq2134, sp|Q3YUE4|RL9_SHISS
seq2135, sp|P39308|YJFZ_ECOLI
seq2136, sp|P39309|YTFA_ECOLI
seq2137, sp|Q3YUD8|YTFE_SHISS
seq2138, sp|P39315|QOR2_ECOLI
seq2139, sp|P0ACN3|YTFH_SHIFL
seq2140, sp|P08331|CPDB_ECOLI
seq2141, sp|P22255|CYSQ_ECOLI
seq2142, sp|P39317|YTFI_ECOLI
seq2143, sp|P39187|YTFJ_ECOLI
seq2144, sp|P0ADE2|YTFK_ECOLI
seq2145, sp|Q3YUC8|MSRA_SHISS
seq2146, sp|P0AE51|YTFP_SHIFL
seq2147, sp|A7GTM8|SPEH_BACCN
seq2148, sp|P33647|CHPB_ECOLI
seq2149, sp|P0A7A9|IPYR_ECOLI
seq2150, sp|P39325|YTFQ_ECOLI
seq2151, sp|Q6BEX0|YTFR_ECOLI
seq2152, sp|Q3YUB7|YJGA_SHISS
seq2153, sp|P0AFK0|PMBA_ECOLI
seq2154, sp|P0ABE8|C562_ECO57
seq2155, sp|P28904|TREC_ECOLI
seq2156, sp|P36672|PTTBC_ECOLI
seq2157, sp|P0AF95|RIDA_SHIFL
seq2158, sp|Q3YUA7|PYRI_SHISS
seq2159, sp|Q3YUA6|PYRB_SHISS
seq2160, sp|P39332|YJGH_ECOLI
seq2161, sp|P39333|BDCA_ECOLI
seq2162, sp|P39336|YJGL_ECOLI
seq2163, sp|P39337|YJGM_ECOLI
seq2164, sp|P0AFA1|LPTF_SHIFL
seq2165, sp|P0ADC6|LPTG_ECOLI
seq2166, sp|P39342|YJGR_ECOLI
seq2167, sp|P39343|IDNR_ECOLI
seq2168, sp|P39346|IDND_ECOLI
seq2169, sp|P39208|IDNK_ECOLI
seq2170, sp|P39347|INTB_ECOLI
seq2171, sp|P75785|OPGE_ECOLI
seq2172, sp|P75785|OPGE_ECOLI
seq2173, sp|P39349|YJGX_ECOLI
seq2174, sp|P39354|YJHD_ECOLI
seq2175, sp|P39355|YJHE_ECOLI
seq2176, sp|P15031|FECE_ECOLI
seq2177, sp|P15029|FECD_ECOLI
seq2178, sp|P15028|FECB_ECOLI
seq2179, sp|P13036|FECA_ECOLI
seq2180, sp|P23484|FECI_ECOLI
seq2181, sp|P39358|YJHG_ECOLI
seq2182, sp|P39359|YJHH_ECOLI
seq2183, sp|P39360|YJHI_ECOLI
seq2184, sp|P39361|SGCR_ECOLI
seq2185, sp|P39362|SGCE_ECOLI
seq2186, sp|P39364|SGCQ_ECOLI
seq2187, sp|P39366|SGCX_ECOLI
seq2188, sp|P39367|YJHP_ECOLI
seq2189, sp|P39370|NANS_ECOLI
seq2190, sp|P39371|NANM_ECOLI
seq2191, sp|P69858|NANC_SHIFL
seq2192, sp|P0ADH9|FIME_SHIFL
seq2193, sp|P08190|FIMG_ECOLI
seq2194, sp|P08191|FIMH_ECOLI
seq2195, sp|B7NGX8|UXUA_ECOLU
seq2196, sp|P39374|YJIC_ECOLI
seq2197, sp|P39376|YJIE_ECOLI
seq2198, sp|P0AEH8|YJIG_ECOLI
seq2199, sp|P39379|YJIH_ECOLI
seq2200, sp|B7NGY8|KPTA_ECOLU
seq2201, sp|P39383|YJIL_ECOLI
seq2202, sp|P0DP22|YJIQ_ECOLI
seq2203, sp|P39389|YJIR_ECOLI
seq2204, sp|P15006|MCRC_ECOLI
seq2205, sp|P08957|T1MK_ECOLI
seq2206, sp|P24202|MRR_ECOLI
seq2207, sp|P24203|YJIA_ECOLI
seq2208, sp|P39399|LGOR_ECOLI
seq2209, sp|P39400|LGOD_ECOLI
seq2210, sp|P39401|OPGB_ECOLI
seq2211, sp|P18390|YJJA_ECOLI
seq2212, sp|P0ADD2|YJJB_ECOLI
seq2213, sp|P0ADD6|YJJP_SHIFL
seq2214, sp|P0ADD7|YJJQ_ECOLI
seq2215, sp|P39405|FHUF_ECOLI
seq2216, sp|P55914|YJJZ_ECOLI
seq2217, sp|P0A947|RIMI_SHIFL
seq2218, sp|Q327M2|RF3_SHIDS
seq2219, sp|P0AFH8|OSMY_ECOLI
seq2220, sp|P39407|YJJU_ECOLI
seq2221, sp|P39408|YJJV_ECOLI
seq2222, sp|B7NH49|DEOC_ECOLU
seq2223, sp|P07650|TYPH_ECOLI
seq2224, sp|P0A6K9|DEOB_SHIFL
seq2225, sp|Q3YU09|DEOD_SHISS
seq2226, sp|P39410|YJJJ_ECOLI
seq2227, sp|P24554|RADA_ECOLI
seq2228, sp|P0A9W5|ETTA_SHIFL
seq2229, sp|P0AGC3|SLT_ECOLI
seq2230, sp|Q3YU01|TRPR_SHISS
seq2231, sp|P0ACI2|ROB_SHIFL
seq2232, sp|P08368|CREB_ECOLI
seq2233, sp|P08401|CREC_ECOLI
seq2234, sp|P08369|CRED_ECOLI
seq2235, sp|P0A9Q4|ARCA_SHIFL
seq2236, sp|P37005|LAST_ECOLI
